"EmployeeID","Age","Department...3","Gender","MaritalStatus","DistanceFromHome","MonthlyIncome","YearsAtCompany","OverTime","JobSatisfaction","PerformanceRating","Attrition","MonthlyIncome_capped","Age_norm","DistanceFromHome_norm","MonthlyIncome_norm","YearsAtCompany_norm","OverTime_enc","Attrition_enc","Department...20","DepartmentHuman Resources","DepartmentResearch & Development","DepartmentSales","GenderMale","MaritalStatusDivorced","MaritalStatusMarried","MaritalStatusSingle"
1001,37,"Research & Development","Female","Single",1,3408,1.9,"No",2,3,"No",3408,0.452380952380952,0,0.198148949417985,0.0722433460076046,0,0,0,0,1,0,0,0,0,1
1002,37,"Human Resources","Male","Married",13,3769,0.5,"No",2,3,"No",3769,0.452380952380952,0.428571428571429,0.228626908829955,0.0190114068441065,0,0,0,1,0,0,1,0,1,0
1003,35,"Research & Development","Male","Divorced",8,7080,2.2,"Yes",1,3,"No",7080,0.404761904761905,0.25,0.508162985320346,0.0836501901140684,1,0,0,0,1,0,1,1,0,0
1004,37,"Research & Development","Female","Married",1,5991,1.6,"No",2,4,"No",5991,0.452380952380952,0,0.416222548202244,0.0608365019011407,0,0,0,0,1,0,0,0,1,0
1005,45,"","Female","Married",2,8163,9.2,"No",1,3,"No",8163,0.642857142857143,0.0357142857142857,0.599596863556254,0.349809885931559,0,0,1,0,0,0,0,0,1,0
1006,30,"Sales","Male","Married",1,5331,1.9,"No",3,3,"No",5331,0.285714285714286,0,0.36050107116097,0.0722433460076046,0,0,0,0,0,1,1,0,1,0
1007,50,"Sales","Female","Married",2,7417,7.8,"No",1,4,"No",7417,0.761904761904762,0.0357142857142857,0.536614709203542,0.296577946768061,0,0,0,0,0,1,0,0,1,0
1008,35,"Research & Development","Female","Divorced",2,9447,11.1,"No",4,3,"No",9447,0.404761904761905,0.0357142857142857,0.708000464345642,0.422053231939163,0,0,0,0,1,0,0,1,0,0
1009,37,"Research & Development","Female","",1,6373,2.8,"No",2,3,"No",6373,0.452380952380952,0,0.44847346370189,0.106463878326996,0,0,0,0,1,0,0,0,0,0
1010,30,"Research & Development","Female","Married",4,7678,12,"No",4,3,"No",7678,0.285714285714286,0.107142857142857,0.558650020578955,0.456273764258555,0,0,0,0,1,0,0,0,1,0
1011,18,"Sales","Female","Single",8,2082,2.4,"No",4,4,"No",2082,0,0.25,0.0861994364532436,0.091254752851711,0,0,0,0,0,1,0,0,0,1
1012,45,"Human Resources","Male","Divorced",6,10220,16.6,"No",2,3,"No",10220,0.642857142857143,0.178571428571429,0.773262133668225,0.631178707224335,0,0,0,1,0,0,1,1,0,0
1013,37,"Research & Development","Female","Divorced",7,6597,0.5,"No",4,3,"No",6597,0.452380952380952,0.214285714285714,0.467384995303777,0.0190114068441065,0,0,0,0,1,0,0,1,0,0
1014,34,"Sales","Female","Single",1,8293,5.8,"Yes",4,3,"No",8293,0.380952380952381,0,0.610572306003778,0.220532319391635,1,0,0,0,0,1,0,0,0,1
1015,38,"Sales","Male","Married",18,5134,3.4,"Yes",4,3,"No",5134,0.476190476190476,0.607142857142857,0.343869054528953,0.129277566539924,1,0,0,0,0,1,1,0,1,0
1016,42,"Sales","Male","Divorced",11,6943,2.5,"Yes",3,3,"No",6943,0.571428571428571,0.357142857142857,0.496596557510263,0.0950570342205323,1,0,0,0,0,1,1,1,0,0
1017,23,"Sales","Male","Single",10,1719,5,"No",1,3,"No",1719,0.119047619047619,0.321428571428571,0.0555526240805429,0.190114068441065,0,0,0,0,0,1,1,0,0,1
1018,32,"Research & Development","Female","Married",10,5438,6.1,"No",3,3,"No",5438,0.333333333333333,0.321428571428571,0.369534704560085,0.231939163498099,0,0,0,0,1,0,0,0,1,0
1019,44,"Research & Development","Female","Divorced",16,5573,0,"Yes",3,3,"Yes",5573,0.619047619047619,0.535714285714286,0.380932279409437,0,1,1,0,0,1,0,0,1,0,0
1020,26,"Sales","Male","",5,2410,0.9,"No",3,3,"No",2410,0.19047619047619,0.142857142857143,0.113891322013149,0.0342205323193916,0,0,0,0,0,1,1,0,0,0
1021,40,"Research & Development","Female","Married",1,5905,6.2,"Yes",2,3,"No",5905,0.523809523809524,0,0.408961870890805,0.23574144486692,1,0,0,0,1,0,0,0,1,0
1022,25,"Sales","Male","Single",6,4263,5.5,"No",4,3,"No",4263,0.166666666666667,0.178571428571429,0.270333590130544,0.209125475285171,0,0,0,0,0,1,1,0,0,1
1023,41,"Sales","Female","Divorced",8,11613,16.9,"No",4,3,"No",11613,0.547619047619048,0.25,0.890868220817459,0.642585551330798,0,0,0,0,0,1,0,1,0,0
1024,37,"Research & Development","Female","Divorced",8,27001.5307252745,7.2,"Yes",2,3,"No",12905.625,0.452380952380952,0.25,1,0.273764258555133,1,0,0,0,1,0,0,1,0,0
1025,22,"Research & Development","Female","Divorced",4,4908,15.1,"No",1,3,"No",4908,0.0952380952380952,0.107142857142857,0.324788669966335,0.574144486692015,0,0,0,0,1,0,0,1,0,0
1026,37,"Research & Development","Male","Married",4,4934,6.1,"Yes",2,3,"No",4934,0.452380952380952,0.107142857142857,0.32698375845584,0.231939163498099,1,0,0,0,1,0,1,0,1,0
1027,30,"Sales","Male","Divorced",3,3660,1.8,"No",4,3,"No",3660,0.285714285714286,0.0714285714285714,0.219424422470108,0.0684410646387833,0,0,0,0,0,1,1,1,0,0
1028,30,"Research & Development","Male","Divorced",15,4837,0.6,"No",4,3,"No",4837,0.285714285714286,0.5,0.31879438986038,0.0228136882129278,0,0,0,0,1,0,1,1,0,0
1029,39,"","Male","Single",5,3559,7.6,"No",3,3,"No",3559,0.5,0.142857142857143,0.210897347953186,0.288973384030418,0,0,1,0,0,0,1,0,0,1
1030,47,"Sales","Female","",5,7050,5.2,"No",3,3,"No",7050,0.69047619047619,0.142857142857143,0.505630190909379,0.197718631178707,0,0,0,0,0,1,0,0,0,0
1031,28,"Research & Development","Female","Single",2,2981,0.2,"No",3,3,"No",2981,0.238095238095238,0.0357142857142857,0.162098842301888,0.00760456273764259,0,0,0,0,1,0,0,0,0,1
1032,38,"Sales","Female","Married",3,7753,2.2,"No",2,4,"No",7753,0.476190476190476,0.0714285714285714,0.564982006606372,0.0836501901140684,0,0,0,0,0,1,0,0,1,0
1033,41,"Sales","Female","Single",14,10177,15.7,"No",3,4,"No",10177,0.547619047619048,0.464285714285714,0.769631795012506,0.596958174904943,0,0,0,0,0,1,0,0,0,1
1034,43,"","Female","",7,7299,3.5,"Yes",4,3,"No",7299,0.595238095238095,0.214285714285714,0.526652384520405,0.133079847908745,1,0,1,0,0,0,0,0,0,0
1035,39,"Human Resources","Female","Single",9,6212,2.8,"No",4,3,"No",6212,0.5,0.285714285714286,0.434880800363034,0.106463878326996,0,0,0,1,0,0,0,0,0,1
1036,34,"Research & Development","Female","Married",4,2309,3.1,"Yes",4,3,"No",2309,0.380952380952381,0.107142857142857,0.105364247496227,0.11787072243346,1,0,0,0,1,0,0,0,1,0
1037,30,"Sales","Female","Single",6,5512,1.2,"Yes",4,3,"Yes",5512,0.285714285714286,0.178571428571429,0.375782264107137,0.0456273764258555,1,1,0,0,0,1,0,0,0,1
1038,38,"Sales","Male","Married",2,6028,2.3,"No",3,3,"No",6028,0.476190476190476,0.0357142857142857,0.41934632797577,0.0874524714828897,0,0,0,0,0,1,1,0,1,0
1039,27,"Research & Development","Male","Single",7,5147,2.3,"Yes",3,4,"No",5147,0.214285714285714,0.214285714285714,0.344966598773705,0.0874524714828897,1,0,0,0,1,0,1,0,0,1
1040,18,"Research & Development","Male","",3,6374,0.3,"No",4,3,"No",6374,0,0.0714285714285714,0.448557890182256,0.0114068441064639,0,0,0,0,1,0,1,0,0,0
1041,41,"Sales","Female","Married",4,4689,7.3,"No",4,4,"No",4689,0.547619047619048,0.107142857142857,0.306299270766276,0.277566539923954,0,0,0,0,0,1,0,0,1,0
1042,45,"Research & Development","Female","Married",6,9272,2.7,"Yes",2,3,"No",9272,0.642857142857143,0.178571428571429,0.693225830281668,0.102661596958175,1,0,0,0,1,0,0,0,1,0
1043,18,"Sales","Male","Single",17,5079,8.6,"No",2,3,"No",5079,0,0.571428571428571,0.339225598108847,0.326996197718631,0,0,0,0,0,1,1,0,0,1
1044,28,"Human Resources","Female","Married",1,6374,9.5,"Yes",2,3,"Yes",6374,0.238095238095238,0,0.448557890182256,0.361216730038023,1,1,0,1,0,0,0,0,1,0
1045,43,"Sales","Female","Divorced",10,5852,1.2,"No",3,3,"No",5852,0.595238095238095,0.321428571428571,0.40448726743143,0.0456273764258555,0,0,0,0,0,1,0,1,0,0
1046,56,"Research & Development","Male","Married",2,8314,5.4,"No",2,3,"No",8314,0.904761904761905,0.0357142857142857,0.612345262091455,0.20532319391635,0,0,0,0,1,0,1,0,1,0
1047,37,"Sales","Male","Single",4,5045,3.2,"No",3,3,"No",5045,0.452380952380952,0.107142857142857,0.336355097776418,0.121673003802281,0,0,0,0,0,1,1,0,0,1
1048,30,"Research & Development","Female","Single",1,8144,10.6,"No",1,3,"No",8144,0.285714285714286,0,0.597992760429309,0.403041825095057,0,0,0,0,1,0,0,0,0,1
1049,35,"Research & Development","Male","Divorced",2,9610.48732675114,1.2,"Yes",3,3,"No",9610.48732675114,0.404761904761905,0.0357142857142857,0.721803123927616,0.0456273764258555,1,0,0,0,1,0,1,1,0,0
1050,49,"Sales","Female","Single",4,9341,5.7,"No",4,3,"No",9341,0.738095238095238,0.107142857142857,0.699051257426892,0.216730038022814,0,0,0,0,0,1,0,0,0,1
1051,31,"Human Resources","Male","Divorced",1,5081,4.7,"No",2,3,"No",5081,0.30952380952381,0,0.339394451069578,0.178707224334601,0,0,0,1,0,0,1,1,0,0
1052,30,"Research & Development","Female","Married",4,2840,1.7,"No",4,3,"No",2840,0.285714285714286,0.107142857142857,0.150194708570343,0.064638783269962,0,0,0,0,1,0,0,0,1,0
1053,33,"Human Resources","Female","Divorced",16,3870,0.7,"No",3,3,"Yes",3870,0.357142857142857,0.535714285714286,0.237153983346877,0.026615969581749,0,1,0,1,0,0,0,1,0,0
1054,28,"Research & Development","Female","Married",1,7441,5.3,"No",4,4,"No",7441,0.238095238095238,0,0.538640944732315,0.201520912547528,0,0,0,0,1,0,0,0,1,0
1055,38,"Research & Development","Female","Divorced",9,6442,6.7,"Yes",2,3,"Yes",6442,0.476190476190476,0.285714285714286,0.454298890847114,0.254752851711027,1,1,0,0,1,0,0,1,0,0
1056,52,"Human Resources","Male","Married",3,7783,1.9,"Yes",4,3,"No",7783,0.80952380952381,0.0714285714285714,0.567514801017339,0.0722433460076046,1,0,0,1,0,0,1,0,1,0
1057,40,"Sales","Male","Married",6,5864,5.2,"No",3,3,"No",5864,0.523809523809524,0.178571428571429,0.405500385195817,0.197718631178707,0,0,0,0,0,1,1,0,1,0
1058,35,"Sales","Male","Married",2,6552,2.5,"No",4,3,"No",6552,0.404761904761905,0.0357142857142857,0.463585803687327,0.0950570342205323,0,0,0,0,0,1,1,0,1,0
1059,34,"Sales","Female","Married",1,7618,6.2,"No",4,3,"No",7618,0.380952380952381,0,0.553584431757021,0.23574144486692,0,0,0,0,0,1,0,0,1,0
1060,23,"Sales","Female","Married",1,6258,1.1,"No",2,3,"No",6258,0.119047619047619,0,0.43876441845985,0.0418250950570342,0,0,0,0,0,1,0,0,1,0
1061,45,"Research & Development","Female","Divorced",1,9327,11,"No",1,3,"No",9327,0.642857142857143,0,0.697869286701774,0.418250950570342,0,0,0,0,1,0,0,1,0,0
1062,36,"Sales","Male","Divorced",1,30597.2882300883,1.7,"Yes",2,3,"No",12905.625,0.428571428571429,0,1,0.064638783269962,1,0,0,0,0,1,1,1,0,0
1063,35,"Research & Development","Male","Married",7,5492,2.3,"No",3,3,"No",5492,0.404761904761905,0.214285714285714,0.374093734499826,0.0874524714828897,0,0,0,0,1,0,1,0,1,0
1064,60,"Research & Development","Male","Married",13,9589,0.3,"Yes",2,4,"No",9589,1,0.428571428571429,0.719989024557552,0.0114068441064639,1,0,0,0,1,0,1,0,1,0
1065,40,"Sales","Male","Married",10,4272,0.6,"No",2,4,"No",4272,0.523809523809524,0.321428571428571,0.271093428453835,0.0228136882129278,0,0,0,0,0,1,1,0,1,0
1066,37,"Research & Development","Female","Married",7,6318,3.6,"No",3,3,"No",6318,0.452380952380952,0.214285714285714,0.443830007281784,0.136882129277567,0,0,0,0,1,0,0,0,1,0
1067,33,"Sales","Male","Single",1,4568,1.6,"No",1,3,"No",4568,0.357142857142857,0,0.296083666642042,0.0608365019011407,0,0,0,0,0,1,1,0,0,1
1068,37,"Research & Development","Male","Single",2,9034,9,"Yes",2,3,"No",9034,0.452380952380952,0.0357142857142857,0.673132327954663,0.342205323193916,1,0,0,0,1,0,1,0,0,1
1069,38,"Sales","Female","Married",2,5073,0.1,"No",3,3,"No",5073,0.476190476190476,0.0357142857142857,0.338719039226653,0.00380228136882129,0,0,0,0,0,1,0,0,1,0
1070,24,"Human Resources","Male","Single",2,4438,2.4,"No",1,3,"Yes",4438,0.142857142857143,0.0357142857142857,0.285108224194519,0.091254752851711,0,1,0,1,0,0,1,0,0,1
1071,45,"Research & Development","Male","Single",4,6301,2.1,"No",3,3,"No",6301,0.642857142857143,0.107142857142857,0.442394757115569,0.0798479087452472,0,0,0,0,1,0,1,0,0,1
1072,31,"Sales","Female","Single",5,4417,0.1,"Yes",3,4,"No",4417,0.30952380952381,0.142857142857143,0.283335268106842,0.00380228136882129,1,0,0,0,0,1,0,0,0,1
1073,54,"Sales","Male","Single",3,9432,0.7,"No",3,4,"No",9432,0.857142857142857,0.0714285714285714,0.706734067140159,0.026615969581749,0,0,0,0,0,1,1,0,0,1
1074,47,"Research & Development","Female","Single",3,8403,2.7,"No",4,3,"No",8403,0.69047619047619,0.0714285714285714,0.61985921884399,0.102661596958175,0,0,0,0,1,0,0,0,0,1
1075,33,"Research & Development","Female","Divorced",11,6794,3.4,"Yes",3,3,"No",6794,0.357142857142857,0.357142857142857,0.484017011935794,0.129277566539924,1,0,0,0,1,0,0,1,0,0
1076,49,"Research & Development","Female","Married",9,6374,2.6,"Yes",3,3,"Yes",6374,0.738095238095238,0.285714285714286,0.448557890182256,0.0988593155893536,1,1,0,0,1,0,0,0,1,0
1077,38,"Research & Development","Male","Married",2,4896,3.8,"Yes",3,3,"No",4896,0.476190476190476,0.0357142857142857,0.323775552201948,0.144486692015209,1,0,0,0,1,0,1,0,1,0
1078,45,"Sales","Female","Married",15,8748,4.5,"No",4,3,"No",8748,0.642857142857143,0.5,0.648986354570111,0.171102661596958,0,0,0,0,0,1,0,0,1,0
1079,41,"Research & Development","Male","Single",18,6574,0,"No",4,3,"No",6574,0.547619047619048,0.607142857142857,0.465443186255369,0,0,0,0,0,1,0,1,0,0,1
1080,29,"Sales","Male","Divorced",2,7114,3.1,"No",4,4,"No",7114,0.261904761904762,0.0357142857142857,0.511033485652775,0.11787072243346,0,0,0,0,0,1,1,1,0,0
1081,31,"Research & Development","Male","Married",3,8964,16.6,"Yes",4,3,"No",8964,0.30952380952381,0.0714285714285714,0.667222474329073,0.631178707224335,1,0,0,0,1,0,1,0,1,0
1082,37,"Research & Development","Female","Single",4,6811,3.7,"No",2,3,"No",6811,0.452380952380952,0.107142857142857,0.485452262102008,0.140684410646388,0,0,0,0,1,0,0,0,0,1
1083,34,"Sales","Male","Married",17,3956,5.7,"No",2,3,"No",3956,0.380952380952381,0.571428571428571,0.244414660658315,0.216730038022814,0,0,0,0,0,1,1,0,1,0
1084,33,"Sales","Male","Divorced",13,4376,1.9,"No",1,3,"No",4376,0.357142857142857,0.428571428571429,0.279873782411853,0.0722433460076046,0,0,0,0,0,1,1,1,0,0
1085,28,"Sales","Female","Divorced",1,7785,7.4,"No",4,3,"No",7785,0.238095238095238,0,0.56768365397807,0.281368821292776,0,0,0,0,0,1,0,1,0,0
1086,41,"Sales","Male","Married",3,7150,7.4,"Yes",4,3,"No",7150,0.547619047619048,0.0714285714285714,0.514072838945935,0.281368821292776,1,0,0,0,0,1,1,0,1,0
1087,56,"Research & Development","Male","Married",5,9316,3.7,"No",4,3,"No",9316,0.904761904761905,0.142857142857143,0.696940595417753,0.140684410646388,0,0,0,0,1,0,1,0,1,0
1088,27,"Research & Development","Male","Single",4,9839,18.7,"No",2,3,"No",9839,0.214285714285714,0.107142857142857,0.741095644648944,0.711026615969582,0,0,0,0,1,0,1,0,0,1
1089,37,"Research & Development","Male","Divorced",1,5511,0.7,"No",4,3,"No",5511,0.452380952380952,0,0.375697837626772,0.026615969581749,0,0,0,0,1,0,1,1,0,0
1090,50,"Research & Development","Male","Single",12,4653,0.1,"No",2,4,"No",4653,0.761904761904762,0.392857142857143,0.303259917473115,0.00380228136882129,0,0,0,0,1,0,1,0,0,1
1091,36,"Sales","Male","Divorced",7,7378,7.4,"No",1,3,"No",7378,0.428571428571429,0.214285714285714,0.533322076469285,0.281368821292776,0,0,0,0,0,1,1,1,0,0
1092,41,"Research & Development","Female","Married",11,3643,8.2,"No",3,3,"No",3643,0.547619047619048,0.357142857142857,0.217989172303893,0.311787072243346,0,0,0,0,1,0,0,0,1,0
1093,27,"Research & Development","Male","Married",12,3510,0.6,"Yes",3,3,"No",3510,0.214285714285714,0.392857142857143,0.206760450415273,0.0228136882129278,1,0,0,0,1,0,1,0,1,0
1094,41,"Research & Development","Male","Married",8,3339,1.5,"Yes",3,3,"Yes",3339,0.547619047619048,0.25,0.192323522272761,0.0570342205323194,1,1,0,0,1,0,1,0,1,0
1095,35,"Research & Development","Female","Single",3,6384,0.1,"No",4,3,"No",6384,0.404761904761905,0.0714285714285714,0.449402154985911,0.00380228136882129,0,0,0,0,1,0,0,0,0,1
1096,46,"Research & Development","Male","Single",6,6374,1.7,"No",1,4,"No",6374,0.666666666666667,0.178571428571429,0.448557890182256,0.064638783269962,0,0,0,0,1,0,1,0,0,1
1097,37,"Research & Development","Female","",1,9390,7.4,"Yes",3,4,"No",9390,0.452380952380952,0,0.703188154964805,0.281368821292776,1,0,0,0,1,0,0,0,0,0
1098,60,"","Male","",7,11082,3.6,"Yes",3,3,"No",11082,1,0.214285714285714,0.846037759743343,0.136882129277567,1,0,1,0,0,0,1,0,0,0
1099,42,"Sales","Male","Married",1,4692,2.1,"Yes",2,3,"No",4692,0.571428571428571,0,0.306552550207373,0.0798479087452472,1,0,0,0,0,1,1,0,1,0
1100,40,"Sales","Male","Married",7,8566,2.3,"No",4,3,"No",8566,0.523809523809524,0.214285714285714,0.633620735143578,0.0874524714828897,0,0,0,0,0,1,1,0,1,0
1101,39,"Sales","Male","",2,6418,0,"Yes",4,3,"Yes",6418,0.5,0.0357142857142857,0.452272655318341,0,1,1,0,0,0,1,1,0,0,0
1102,34,"Research & Development","Male","Divorced",1,4695,1.8,"No",4,3,"No",4695,0.380952380952381,0,0.306805829648469,0.0684410646387833,0,0,0,0,1,0,1,1,0,0
1103,40,"Sales","Male","Divorced",1,8663,5.2,"Yes",4,3,"Yes",8663,0.523809523809524,0,0.641810103739038,0.197718631178707,1,1,0,0,0,1,1,1,0,0
1104,34,"Research & Development","Male","Divorced",1,9166,18.3,"No",4,3,"No",9166,0.380952380952381,0,0.684276623362918,0.695817490494297,0,0,0,0,1,0,1,1,0,0
1105,39,"Human Resources","Male","Divorced",8,7073,9.4,"Yes",2,3,"Yes",7073,0.5,0.25,0.507571999957787,0.357414448669202,1,1,0,1,0,0,1,1,0,0
1106,49,"Sales","Male","Single",8,5342,0.1,"No",4,3,"No",5342,0.738095238095238,0.25,0.361429762444991,0.00380228136882129,0,0,0,0,0,1,1,0,0,1
1107,28,"","Male","Married",4,6897,11.4,"Yes",2,4,"Yes",6897,0.238095238095238,0.107142857142857,0.492712939413447,0.433460076045627,1,1,1,0,0,0,1,0,1,0
1108,47,"Research & Development","Male","Married",1,7055,7.6,"No",2,3,"Yes",7055,0.69047619047619,0,0.506052323311207,0.288973384030418,0,1,0,0,1,0,1,0,1,0
1109,49,"Sales","Male","Married",1,10715,7.6,"Yes",1,3,"Yes",10715,0.738095238095238,0,0.815053241449181,0.288973384030418,1,1,0,0,0,1,1,0,1,0
1110,36,"Sales","Female","Single",1,5357,3.1,"No",4,3,"No",5357,0.428571428571429,0,0.362696159650474,0.11787072243346,0,0,0,0,0,1,0,0,0,1
1111,18,"Sales","Male","Married",1,3904,2.5,"No",4,3,"No",3904,0,0,0.240024483679306,0.0950570342205323,0,0,0,0,0,1,1,0,1,0
1112,32,"Sales","Female","Single",13,3954,1.8,"No",2,3,"No",3954,0.333333333333333,0.428571428571429,0.244245807697584,0.0684410646387833,0,0,0,0,0,1,0,0,0,1
1113,49,"Human Resources","Female","Single",2,3594,0.3,"No",4,3,"No",3594,0.738095238095238,0.0357142857142857,0.21385227476598,0.0114068441064639,0,0,0,1,0,0,0,0,0,1
1114,37,"Research & Development","Male","Married",4,6374,1.3,"No",4,4,"No",6374,0.452380952380952,0.107142857142857,0.448557890182256,0.0494296577946768,0,0,0,0,1,0,1,0,1,0
1115,28,"Research & Development","Female","Married",1,1322,1.4,"No",1,3,"No",1322,0.238095238095238,0,0.0220353113754129,0.0532319391634981,0,0,0,0,1,0,0,0,1,0
1116,32,"Research & Development","Female","",2,5232,3.3,"No",2,3,"No",5232,0.333333333333333,0.0357142857142857,0.352142849604779,0.125475285171103,0,0,0,0,1,0,0,0,0,0
1117,45,"Research & Development","Male","Single",4,6103,6.9,"No",4,3,"Yes",6103,0.642857142857143,0.107142857142857,0.425678314003187,0.262357414448669,0,1,0,0,1,0,1,0,0,1
1118,42,"Sales","Male","Divorced",6,9481,3.2,"No",2,3,"No",9481,0.571428571428571,0.178571428571429,0.710870964678071,0.121673003802281,0,0,0,0,0,1,1,1,0,0
1119,35,"Research & Development","Female","Single",2,6012,0.3,"No",3,3,"No",6012,0.404761904761905,0.0357142857142857,0.417995504289921,0.0114068441064639,0,0,0,0,1,0,0,0,0,1
1120,37,"Research & Development","Female","Single",1,10109,15.8,"No",1,4,"No",10109,0.452380952380952,0,0.763890794347647,0.600760456273764,0,0,0,0,1,0,0,0,0,1
1121,33,"","Male","Divorced",3,11201,14.3,"No",3,3,"No",11201,0.357142857142857,0.0714285714285714,0.856084510906846,0.543726235741445,0,0,1,0,0,0,1,1,0,0
1122,29,"Research & Development","Male","Divorced",2,5246,7.7,"Yes",4,3,"No",5246,0.261904761904762,0.0357142857142857,0.353324820329896,0.29277566539924,1,0,0,0,1,0,1,1,0,0
1123,52,"Sales","Male","Divorced",1,15690,23.7,"No",4,3,"No",12905.625,0.80952380952381,0,1,0.901140684410646,0,0,0,0,0,1,1,1,0,0
1124,34,"","Male","Married",19,27407.0558736574,3.9,"No",4,3,"No",12905.625,0.380952380952381,0.642857142857143,1,0.14828897338403,0,0,1,0,0,0,1,0,1,0
1125,48,"Sales","Female","Married",6,12271,16.5,"Yes",4,4,"No",12271,0.714285714285714,0.178571428571429,0.946420844898002,0.627376425855513,1,0,0,0,0,1,0,0,1,0
1126,51,"Research & Development","Male","Married",5,8509,0.4,"No",4,4,"No",8509,0.785714285714286,0.142857142857143,0.62880842576274,0.0152091254752852,0,0,0,0,1,0,1,0,1,0
1127,46,"Research & Development","Male","Single",3,7764,2.3,"Yes",4,3,"No",7764,0.666666666666667,0.0714285714285714,0.565910697890393,0.0874524714828897,1,0,0,0,1,0,1,0,0,1
1128,33,"Research & Development","Female","Married",3,5188,1.3,"No",1,3,"No",5188,0.357142857142857,0.0714285714285714,0.348428084468694,0.0494296577946768,0,0,0,0,1,0,0,0,1,0
1129,41,"Sales","Male","Married",5,3163,1.1,"Yes",3,3,"Yes",3163,0.547619047619048,0.142857142857143,0.177464461728421,0.0418250950570342,1,1,0,0,0,1,1,0,1,0
1130,37,"Research & Development","Male","Single",7,3620,0.8,"No",1,3,"Yes",3620,0.452380952380952,0.214285714285714,0.216047363255485,0.0304182509505703,0,1,0,0,1,0,1,0,0,1
1131,29,"Research & Development","Female","Married",7,5351,4.9,"No",4,4,"No",5351,0.261904761904762,0.214285714285714,0.362189600768281,0.186311787072243,0,0,0,0,1,0,0,0,1,0
1132,40,"Sales","Female","Married",1,7940,7.6,"No",3,3,"No",7940,0.523809523809524,0,0.580769758434733,0.288973384030418,0,0,0,0,0,1,0,0,1,0
1133,26,"Sales","Male","Single",4,3270,4.3,"No",3,3,"No",3270,0.19047619047619,0.107142857142857,0.186498095127537,0.163498098859316,0,0,0,0,0,1,1,0,0,1
1134,48,"Sales","Male","Single",3,9998,0.8,"No",2,3,"No",9998,0.714285714285714,0.0714285714285714,0.754519455027069,0.0304182509505703,0,0,0,0,0,1,1,0,0,1
1135,33,"Human Resources","Male","Married",12,9480,8.3,"No",4,3,"No",9480,0.357142857142857,0.392857142857143,0.710786538197706,0.315589353612167,0,0,0,1,0,0,1,0,1,0
1136,39,"Sales","Male","Single",6,7708,5.1,"Yes",4,3,"No",7708,0.5,0.178571428571429,0.561182814989922,0.193916349809886,1,0,0,0,0,1,1,0,0,1
1137,40,"Research & Development","Male","Divorced",5,6123,2.5,"No",3,3,"No",6123,0.523809523809524,0.142857142857143,0.427366843610498,0.0950570342205323,0,0,0,0,1,0,1,1,0,0
1138,35,"Research & Development","Male","Married",1,6182,5.6,"Yes",4,3,"No",6182,0.404761904761905,0,0.432348005952067,0.212927756653992,1,0,0,0,1,0,1,0,1,0
1139,42,"Research & Development","Male","Married",6,4477,1.5,"No",2,3,"No",4477,0.571428571428571,0.178571428571429,0.288400856928776,0.0570342205323194,0,0,0,0,1,0,1,0,1,0
1140,33,"Human Resources","Male","Married",1,5151,2.1,"No",3,3,"No",5151,0.357142857142857,0,0.345304304695168,0.0798479087452472,0,0,0,1,0,0,1,0,1,0
1141,45,"Human Resources","Male","Married",2,10502,12.5,"No",4,3,"Yes",10502,0.642857142857143,0.0357142857142857,0.797070401131315,0.475285171102662,0,1,0,1,0,0,1,0,1,0
1142,25,"Sales","Male","Single",1,2072,1.7,"No",3,3,"No",2072,0.166666666666667,0,0.0853551716495879,0.064638783269962,0,0,0,0,0,1,1,0,0,1
1143,38,"Research & Development","Male","Married",7,6521,3.2,"No",4,3,"No",6521,0.476190476190476,0.214285714285714,0.460968582795994,0.121673003802281,0,0,0,0,1,0,1,0,1,0
1144,37,"Sales","Male","Married",1,10437,11,"No",2,3,"No",10437,0.452380952380952,0,0.791582679907553,0.418250950570342,0,0,0,0,0,1,1,0,1,0
1145,28,"Sales","Male","Single",3,3008,6.2,"Yes",1,4,"No",3008,0.238095238095238,0.0714285714285714,0.164378357271758,0.23574144486692,1,0,0,0,0,1,1,0,0,1
1146,31,"Sales","Female","Divorced",14,2874,0.3,"No",4,3,"No",2874,0.30952380952381,0.464285714285714,0.153065208902772,0.0114068441064639,0,0,0,0,0,1,0,1,0,0
1147,42,"Research & Development","Female","Married",1,5040,0.8,"Yes",1,3,"Yes",5040,0.571428571428571,0,0.33593296537459,0.0304182509505703,1,1,0,0,1,0,0,0,1,0
1148,39,"Research & Development","Female","Married",4,7852,0,"No",4,3,"No",7852,0.5,0.107142857142857,0.573340228162563,0,0,0,0,0,1,0,0,0,1,0
1149,40,"Sales","Female","Divorced",3,7725,5,"No",4,3,"No",7725,0.523809523809524,0.0714285714285714,0.562618065156136,0.190114068441065,0,0,0,0,0,1,0,1,0,0
1150,41,"Sales","Male","Divorced",1,4307,3,"No",2,3,"No",4307,0.547619047619048,0,0.274048355266629,0.114068441064639,0,0,0,0,0,1,1,1,0,0
1151,43,"Human Resources","Male","Married",9,6474,0.7,"Yes",3,3,"No",6474,0.595238095238095,0.285714285714286,0.457000538218812,0.026615969581749,1,0,0,1,0,0,1,0,1,0
1152,47,"Sales","Male","",1,9189,15.8,"No",2,3,"No",9189,0.69047619047619,0,0.686218432411326,0.600760456273764,0,0,0,0,0,1,1,0,0,0
1153,41,"Sales","Female","Married",4,8214,3.8,"Yes",3,3,"No",8214,0.547619047619048,0.107142857142857,0.603902614054898,0.144486692015209,1,0,0,0,0,1,0,0,1,0
1154,37,"Research & Development","Female","Married",5,4323,1.4,"No",1,3,"Yes",4323,0.452380952380952,0.142857142857143,0.275399178952478,0.0532319391634981,0,1,0,0,1,0,0,0,1,0
1155,43,"Human Resources","Male","Married",6,6585,3.5,"Yes",2,3,"Yes",6585,0.595238095238095,0.178571428571429,0.46637187753939,0.133079847908745,1,1,0,1,0,0,1,0,1,0
1156,54,"Sales","Male","Married",7,10804,5.7,"No",3,3,"No",10804,0.857142857142857,0.214285714285714,0.822567198201716,0.216730038022814,0,0,0,0,0,1,1,0,1,0
1157,36,"Research & Development","Male","Single",2,2869,0.4,"No",3,3,"No",2869,0.428571428571429,0.0357142857142857,0.152643076500945,0.0152091254752852,0,0,0,0,1,0,1,0,0,1
1158,28,"Research & Development","Male","Divorced",1,2164,1.6,"No",4,3,"No",2164,0.238095238095238,0,0.09312240784322,0.0608365019011407,0,0,0,0,1,0,1,1,0,0
1159,47,"Sales","Female","Divorced",8,7975,8.2,"No",4,3,"Yes",7975,0.69047619047619,0.25,0.583724685247528,0.311787072243346,0,1,0,0,0,1,0,1,0,0
1160,36,"Research & Development","Female","Single",5,7303,3.1,"No",4,3,"No",7303,0.428571428571429,0.142857142857143,0.526990090441867,0.11787072243346,0,0,0,0,1,0,0,0,0,1
1161,18,"Research & Development","Male","Married",11,1621,4,"No",3,4,"Yes",1621,0,0.357142857142857,0.0472788290047173,0.152091254752852,0,1,0,0,1,0,1,0,1,0
1162,45,"Research & Development","Female","Single",10,2472,2.8,"No",4,3,"No",2472,0.642857142857143,0.321428571428571,0.119125763795815,0.106463878326996,0,0,0,0,1,0,0,0,0,1
1163,32,"Research & Development","Female","Single",11,3573,0.2,"No",3,3,"No",3573,0.333333333333333,0.357142857142857,0.212079318678303,0.00760456273764259,0,0,0,0,1,0,0,0,0,1
1164,36,"Research & Development","Male","Married",4,5803,0.9,"No",4,3,"No",5803,0.428571428571429,0.107142857142857,0.400350369893517,0.0342205323193916,0,0,0,0,1,0,1,0,1,0
1165,40,"Sales","Male","Single",2,7955,2.9,"No",4,3,"No",7955,0.523809523809524,0.0357142857142857,0.582036155640217,0.110266159695817,0,0,0,0,0,1,1,0,0,1
1166,39,"Research & Development","Male","Married",9,4745,1.2,"No",2,3,"No",4745,0.5,0.285714285714286,0.311027153666748,0.0456273764258555,0,0,0,0,1,0,1,0,1,0
1167,43,"Sales","Male","Divorced",4,4988,0.3,"Yes",4,3,"No",4988,0.595238095238095,0.107142857142857,0.33154278839558,0.0114068441064639,1,0,0,0,0,1,1,1,0,0
1168,33,"Sales","Male","Married",1,6374,9.3,"No",4,3,"No",6374,0.357142857142857,0,0.448557890182256,0.35361216730038,0,0,0,0,0,1,1,0,1,0
1169,37,"Sales","Male","Single",12,9540,19.9,"Yes",4,4,"No",9540,0.452380952380952,0.392857142857143,0.71585212701964,0.756653992395437,1,0,0,0,0,1,1,0,0,1
1170,35,"Research & Development","Male","Single",13,6722,7.9,"No",4,3,"Yes",6722,0.404761904761905,0.428571428571429,0.477938305349473,0.300380228136882,0,1,0,0,1,0,1,0,0,1
1171,44,"Research & Development","Male","Married",4,9266,9.6,"No",2,3,"No",9266,0.619047619047619,0.107142857142857,0.692719271399474,0.365019011406844,0,0,0,0,1,0,1,0,1,0
1172,43,"Sales","Female","Divorced",1,6664,1.4,"No",3,3,"No",6664,0.595238095238095,0,0.47304156948827,0.0532319391634981,0,0,0,0,0,1,0,1,0,0
1173,29,"Research & Development","Male","Married",3,8725,16.2,"No",1,3,"No",8725,0.261904761904762,0.0714285714285714,0.647044545521703,0.615969581749049,0,0,0,0,1,0,1,0,1,0
1174,47,"Sales","Male","Single",10,6417,1.1,"No",4,3,"No",6417,0.69047619047619,0.321428571428571,0.452188228837975,0.0418250950570342,0,0,0,0,0,1,1,0,0,1
1175,32,"Research & Development","Male","Married",14,5733,15.1,"No",1,3,"Yes",5733,0.333333333333333,0.464285714285714,0.394440516267927,0.574144486692015,0,1,0,0,1,0,1,0,1,0
1176,44,"Sales","Female","Married",1,13838,26.3,"No",4,3,"No",12905.625,0.619047619047619,0,1,1,0,0,0,0,0,1,0,0,1,0
1177,40,"Research & Development","Male","Married",1,7990,6.2,"Yes",1,4,"Yes",7990,0.523809523809524,0,0.584991082453011,0.23574144486692,1,1,0,0,1,0,1,0,1,0
1178,54,"Research & Development","Male","Single",13,12312,19.9,"No",2,3,"No",12312,0.857142857142857,0.428571428571429,0.949882330592991,0.756653992395437,0,0,0,0,1,0,1,0,0,1
1179,35,"Human Resources","Female","Married",3,6098,4.2,"Yes",3,3,"No",6098,0.404761904761905,0.0714285714285714,0.425256181601359,0.159695817490494,1,0,0,1,0,0,0,0,1,0
1180,34,"Sales","Female","Married",5,5615,1.5,"No",4,4,"No",5615,0.380952380952381,0.142857142857143,0.384478191584791,0.0570342205323194,0,0,0,0,0,1,0,0,1,0
1181,37,"Sales","Female","Divorced",4,5281,2.9,"No",2,3,"No",5281,0.452380952380952,0.107142857142857,0.356279747142691,0.110266159695817,0,0,0,0,0,1,0,1,0,0
1182,37,"Sales","Male","Single",1,6251,4.5,"No",3,3,"No",6251,0.452380952380952,0,0.438173433097291,0.171102661596958,0,0,0,0,0,1,1,0,0,1
1183,44,"Human Resources","Male","",6,6374,0.4,"No",3,4,"No",6374,0.619047619047619,0.178571428571429,0.448557890182256,0.0152091254752852,0,0,0,1,0,0,1,0,0,0
1184,22,"Research & Development","Female","Divorced",1,4385,4.9,"No",2,3,"Yes",4385,0.0952380952380952,0,0.280633620735144,0.186311787072243,0,1,0,0,1,0,0,1,0,0
1185,28,"Sales","Female","Single",3,11580,19.9,"Yes",1,4,"Yes",11580,0.238095238095238,0.0714285714285714,0.888082146965396,0.756653992395437,1,1,0,0,0,1,0,0,0,1
1186,27,"Research & Development","Female","Divorced",10,4200,1.1,"No",4,3,"No",4200,0.214285714285714,0.321428571428571,0.265014721867514,0.0418250950570342,0,0,0,0,1,0,0,1,0,0
1187,46,"Research & Development","Female","Married",3,7745,7.9,"No",3,3,"No",7745,0.666666666666667,0.0714285714285714,0.564306594763448,0.300380228136882,0,0,0,0,1,0,0,0,1,0
1188,52,"Research & Development","Male","Single",29,11081,11.9,"No",1,4,"No",11081,0.80952380952381,1,0.845953333262978,0.452471482889734,0,0,0,0,1,0,1,0,0,1
1189,36,"Research & Development","Female","Single",5,10772,14.4,"No",4,3,"No",10772,0.428571428571429,0.142857142857143,0.819865550830018,0.547528517110266,0,0,0,0,1,0,0,0,0,1
1190,35,"Sales","Male","Married",2,7100,16.1,"No",4,3,"No",7100,0.404761904761905,0.0357142857142857,0.509851514927657,0.612167300380228,0,0,0,0,0,1,1,0,1,0
1191,38,"Sales","Male","Single",1,7934,3.7,"Yes",3,3,"No",7934,0.476190476190476,0,0.58026319955254,0.140684410646388,1,0,0,0,0,1,1,0,0,1
1192,47,"Research & Development","Male","Married",3,48270.1751522412,18.9,"No",3,4,"No",12905.625,0.69047619047619,0.0714285714285714,1,0.718631178707224,0,0,0,0,1,0,1,0,1,0
1193,29,"Human Resources","Male","Single",3,6943,7.1,"No",4,3,"Yes",6943,0.261904761904762,0.0714285714285714,0.496596557510263,0.269961977186312,0,1,0,1,0,0,1,0,0,1
1194,39,"Research & Development","Male","Married",1,7131,0.9,"Yes",4,3,"No",7131,0.5,0,0.51246873581899,0.0342205323193916,1,0,0,0,1,0,1,0,1,0
1195,46,"Sales","Male","Single",3,4922,3.2,"No",4,3,"No",4922,0.666666666666667,0.0714285714285714,0.325970640691453,0.121673003802281,0,0,0,0,0,1,1,0,0,1
1196,42,"Sales","Female","Divorced",4,6521,6.3,"Yes",3,3,"No",6521,0.571428571428571,0.107142857142857,0.460968582795994,0.239543726235741,1,0,0,0,0,1,0,1,0,0
1197,39,"Research & Development","Male","Divorced",8,5077,1.4,"Yes",3,3,"No",5077,0.5,0.25,0.339056745148116,0.0532319391634981,1,0,0,0,1,0,1,1,0,0
1198,46,"Research & Development","Female","Divorced",6,6469,5.1,"Yes",4,3,"No",6469,0.666666666666667,0.178571428571429,0.456578405816985,0.193916349809886,1,0,0,0,1,0,0,1,0,0
1199,18,"Research & Development","Male","Married",7,7027,5.5,"No",2,3,"No",7027,0,0.214285714285714,0.503688381860971,0.209125475285171,0,0,0,0,1,0,1,0,1,0
1200,43,"Research & Development","Male","Single",1,4530,0.9,"No",3,3,"No",4530,0.595238095238095,0,0.292875460388151,0.0342205323193916,0,0,0,0,1,0,1,0,0,1
1201,31,"Research & Development","Male","Married",1,4697,4.2,"No",4,3,"No",4697,0.30952380952381,0,0.3069746826092,0.159695817490494,0,0,0,0,1,0,1,0,1,0
1202,21,"Sales","Male","Single",7,5757,7.4,"No",4,3,"Yes",5757,0.0714285714285714,0.214285714285714,0.396466751796701,0.281368821292776,0,1,0,0,0,1,1,0,0,1
1203,42,"Sales","Male","Single",4,4802,3.5,"No",3,3,"No",4802,0.571428571428571,0.107142857142857,0.315839463047585,0.133079847908745,0,0,0,0,0,1,1,0,0,1
1204,49,"Research & Development","Male","Single",1,5661,0.1,"No",4,4,"No",5661,0.738095238095238,0,0.388361809681607,0.00380228136882129,0,0,0,0,1,0,1,0,0,1
1205,36,"Research & Development","Male","Married",10,5136,0,"No",1,3,"No",5136,0.428571428571429,0.321428571428571,0.344037907489684,0,0,0,0,0,1,0,1,0,1,0
1206,46,"Sales","Female","Married",9,6131,2.2,"Yes",3,3,"No",6131,0.666666666666667,0.285714285714286,0.428042255453423,0.0836501901140684,1,0,0,0,0,1,0,0,1,0
1207,52,"Sales","Male","Married",5,10990,13,"No",4,3,"No",10990,0.80952380952381,0.142857142857143,0.838270523549711,0.494296577946768,0,0,0,0,0,1,1,0,1,0
1208,49,"Research & Development","Female","Married",1,5881,1.3,"Yes",2,3,"No",5881,0.738095238095238,0,0.406935635362031,0.0494296577946768,1,0,0,0,1,0,0,0,1,0
1209,52,"Sales","Male","Single",9,6058,5,"No",2,3,"No",6058,0.80952380952381,0.285714285714286,0.421879122386737,0.190114068441065,0,0,0,0,0,1,1,0,0,1
1210,44,"Sales","Female","Divorced",5,6557,1.3,"No",4,3,"No",6557,0.619047619047619,0.142857142857143,0.464007936089154,0.0494296577946768,0,0,0,0,0,1,0,1,0,0
1211,38,"Research & Development","Female","Married",9,8197,1.9,"Yes",2,3,"No",8197,0.476190476190476,0.285714285714286,0.602467363888684,0.0722433460076046,1,0,0,0,1,0,0,0,1,0
1212,23,"Research & Development","Female","Married",8,6418,9.4,"Yes",2,4,"Yes",6418,0.119047619047619,0.25,0.452272655318341,0.357414448669202,1,1,0,0,1,0,0,0,1,0
1213,35,"Research & Development","Male","Single",10,7153,6.5,"No",4,3,"No",7153,0.404761904761905,0.321428571428571,0.514326118387032,0.247148288973384,0,0,0,0,1,0,1,0,0,1
1214,29,"Sales","Male","Married",4,5034,0.5,"No",4,3,"Yes",5034,0.261904761904762,0.107142857142857,0.335426406492396,0.0190114068441065,0,1,0,0,0,1,1,0,1,0
1215,37,"","Male","Married",1,6256,2.8,"Yes",4,3,"No",6256,0.452380952380952,0,0.438595565499119,0.106463878326996,1,0,1,0,0,0,1,0,1,0
1216,35,"Sales","Female","Single",7,7129,0.1,"No",4,4,"No",7129,0.404761904761905,0.214285714285714,0.512299882858258,0.00380228136882129,0,0,0,0,0,1,0,0,0,1
1217,38,"Sales","Female","Single",6,6358,3.3,"Yes",1,3,"No",6358,0.476190476190476,0.178571428571429,0.447207066496407,0.125475285171103,1,0,0,0,0,1,0,0,0,1
1218,42,"Research & Development","Female","Married",8,9718,5.4,"No",4,3,"No",9718,0.571428571428571,0.25,0.730880040524711,0.20532319391635,0,0,0,0,1,0,0,0,1,0
1219,37,"Research & Development","Male","Married",1,3890,0.6,"No",3,3,"No",3890,0.452380952380952,0,0.238842512954188,0.0228136882129278,0,0,0,0,1,0,1,0,1,0
1220,52,"Research & Development","Female","Single",1,9902,1.7,"Yes",4,3,"No",9902,0.80952380952381,0,0.746414512911975,0.064638783269962,1,0,0,0,1,0,0,0,0,1
1221,31,"","Female","Divorced",13,6098,2.5,"Yes",3,3,"No",6098,0.30952380952381,0.428571428571429,0.425256181601359,0.0950570342205323,1,0,1,0,0,0,0,1,0,0
1222,39,"Research & Development","Male","Single",8,10260,12.6,"Yes",3,3,"No",10260,0.5,0.25,0.776639192882848,0.479087452471483,1,0,0,0,1,0,1,0,0,1
1223,30,"Sales","Male","Married",14,13041,25,"No",3,4,"No",12905.625,0.285714285714286,0.464285714285714,1,0.950570342205323,0,0,0,0,0,1,1,0,1,0
1224,37,"Research & Development","Female","Divorced",9,3037,0.2,"Yes",3,4,"No",3037,0.452380952380952,0.285714285714286,0.16682672520236,0.00760456273764259,1,0,0,0,1,0,0,1,0,0
1225,31,"Sales","Female","Married",5,8381,7.2,"No",4,3,"No",8381,0.30952380952381,0.142857142857143,0.618001836275948,0.273764258555133,0,0,0,0,0,1,0,0,1,0
1226,37,"Sales","Female","Married",6,5796,2.3,"Yes",3,4,"No",5796,0.452380952380952,0.178571428571429,0.399759384530958,0.0874524714828897,1,0,0,0,0,1,0,0,1,0
1227,33,"Human Resources","Male","Married",13,2224,2.5,"No",3,3,"Yes",2224,0.357142857142857,0.428571428571429,0.098187996665154,0.0950570342205323,0,1,0,1,0,0,1,0,1,0
1228,31,"Research & Development","Female","Single",5,4834,7,"No",3,3,"No",4834,0.30952380952381,0.142857142857143,0.318541110419283,0.26615969581749,0,0,0,0,1,0,0,0,0,1
1229,24,"Research & Development","Male","Divorced",6,7316,12.5,"No",3,3,"No",7316,0.142857142857143,0.178571428571429,0.528087634686619,0.475285171102662,0,0,0,0,1,0,1,1,0,0
1230,36,"Research & Development","Male","Married",1,10410,15.1,"No",4,3,"No",10410,0.428571428571429,0,0.789303164937683,0.574144486692015,0,0,0,0,1,0,1,0,1,0
1231,23,"Research & Development","Male","Divorced",4,4520,4.3,"No",4,3,"No",4520,0.119047619047619,0.107142857142857,0.292031195584495,0.163498098859316,0,0,0,0,1,0,1,1,0,0
1232,44,"Research & Development","Female","",8,8218,2.2,"No",4,3,"No",8218,0.619047619047619,0.25,0.604240319976361,0.0836501901140684,0,0,0,0,1,0,0,0,0,0
1233,38,"","Female","",2,4668,7.7,"No",4,3,"No",4668,0.476190476190476,0.0357142857142857,0.304526314678599,0.29277566539924,0,0,1,0,0,0,0,0,0,0
1234,24,"Research & Development","Male","Single",1,18761.4757624899,1.4,"No",4,3,"No",12905.625,0.142857142857143,0,1,0.0532319391634981,0,0,0,0,1,0,1,0,0,1
1235,34,"Sales","Male","Married",2,3163,4.2,"Yes",3,3,"No",3163,0.380952380952381,0.0357142857142857,0.177464461728421,0.159695817490494,1,0,0,0,0,1,1,0,1,0
1236,30,"Research & Development","Female","Married",2,5850,2.2,"No",4,3,"No",5850,0.285714285714286,0.0357142857142857,0.404318414470699,0.0836501901140684,0,0,0,0,1,0,0,0,1,0
1237,40,"Sales","Male","Divorced",1,6853,5.3,"No",4,3,"No",6853,0.523809523809524,0,0.488998174277362,0.201520912547528,0,0,0,0,0,1,1,1,0,0
1238,49,"Sales","Female","Married",3,7339,1.4,"Yes",3,3,"No",7339,0.738095238095238,0.0714285714285714,0.530029443735027,0.0532319391634981,1,0,0,0,0,1,0,0,1,0
1239,20,"Research & Development","Male","Divorced",14,1829,1.1,"No",4,4,"No",1829,0.0476190476190476,0.464285714285714,0.0648395369207552,0.0418250950570342,0,0,0,0,1,0,1,1,0,0
1240,38,"Sales","Male","Single",4,11194,12.5,"No",4,3,"No",11194,0.476190476190476,0.107142857142857,0.855493525544287,0.475285171102662,0,0,0,0,0,1,1,0,0,1
1241,36,"Human Resources","Male","Divorced",1,6398,0.5,"No",3,3,"No",6398,0.428571428571429,0,0.450584125711029,0.0190114068441065,0,0,0,1,0,0,1,1,0,0
1242,43,"Human Resources","Male","Married",1,7600,3.5,"No",2,4,"No",7600,0.595238095238095,0,0.55206475511044,0.133079847908745,0,0,0,1,0,0,1,0,1,0
1243,39,"Human Resources","Female","Married",7,5246,1.2,"No",3,3,"No",5246,0.5,0.214285714285714,0.353324820329896,0.0456273764258555,0,0,0,1,0,0,0,0,1,0
1244,30,"Research & Development","Male","Divorced",3,4880,0.2,"Yes",4,3,"Yes",4880,0.285714285714286,0.0714285714285714,0.322424728516099,0.00760456273764259,1,1,0,0,1,0,1,1,0,0
1245,34,"Sales","Male","Married",10,3430,0.2,"No",4,3,"No",3430,0.380952380952381,0.321428571428571,0.200006331986027,0.00760456273764259,0,0,0,0,0,1,1,0,1,0
1246,30,"Human Resources","Female","Married",6,5573,1,"No",3,3,"No",5573,0.285714285714286,0.178571428571429,0.380932279409437,0.0380228136882129,0,0,0,1,0,0,0,0,1,0
1247,47,"Research & Development","Male","Single",10,11989,10.1,"Yes",4,3,"No",11989,0.69047619047619,0.321428571428571,0.922612577434912,0.384030418250951,1,0,0,0,1,0,1,0,0,1
1248,37,"Human Resources","Male","Single",2,6981,1.7,"Yes",3,3,"Yes",6981,0.452380952380952,0.0357142857142857,0.499804763764155,0.064638783269962,1,1,0,1,0,0,1,0,0,1
1249,54,"Human Resources","Female","Divorced",7,10976,15,"No",3,3,"No",10976,0.857142857142857,0.214285714285714,0.837088552824593,0.570342205323194,0,0,0,1,0,0,0,1,0,0
1250,36,"Research & Development","Female","Married",2,6742,4.4,"Yes",4,3,"Yes",6742,0.428571428571429,0.0357142857142857,0.479626834956784,0.167300380228137,1,1,0,0,1,0,0,0,1,0
1251,31,"Sales","Male","Married",17,3135,2.9,"No",4,3,"No",3135,0.30952380952381,0.571428571428571,0.175100520278185,0.110266159695817,0,0,0,0,0,1,1,0,1,0
1252,23,"Research & Development","Female","Married",6,5464,4.3,"Yes",2,3,"Yes",5464,0.119047619047619,0.178571428571429,0.37172979304959,0.163498098859316,1,1,0,0,1,0,0,0,1,0
1253,21,"Research & Development","Female","Single",2,4796,3.6,"Yes",3,3,"No",4796,0.0714285714285714,0.0357142857142857,0.315332904165391,0.136882129277567,1,0,0,0,1,0,0,0,0,1
1254,23,"Sales","Male","Single",2,2780,7.1,"Yes",3,3,"No",2780,0.119047619047619,0.0357142857142857,0.145129119748409,0.269961977186312,1,0,0,0,0,1,1,0,0,1
1255,39,"Sales","Male","Married",1,3872,1.7,"No",3,3,"No",3872,0.5,0,0.237322836307608,0.064638783269962,0,0,0,0,0,1,1,0,1,0
1256,42,"Research & Development","Female","Married",7,6374,2.2,"No",3,3,"No",6374,0.571428571428571,0.214285714285714,0.448557890182256,0.0836501901140684,0,0,0,0,1,0,0,0,1,0
1257,23,"Human Resources","Female","Single",1,6569,11.2,"No",3,3,"No",6569,0.119047619047619,0,0.465021053853541,0.425855513307985,0,0,0,1,0,0,0,0,0,1
1258,45,"Research & Development","Male","Married",5,9036,14.6,"No",2,3,"No",9036,0.642857142857143,0.142857142857143,0.673301180915394,0.555133079847909,0,0,0,0,1,0,1,0,1,0
1259,33,"","Female","Single",2,8803,11.2,"Yes",3,3,"No",8803,0.357142857142857,0.0357142857142857,0.653629810990217,0.425855513307985,1,0,1,0,0,0,0,0,0,1
1260,38,"Sales","Female","Married",7,6222,2.7,"No",1,3,"No",6222,0.476190476190476,0.214285714285714,0.43572506516669,0.102661596958175,0,0,0,0,0,1,0,0,1,0
1261,52,"Research & Development","Male","Single",10,6374,7.6,"No",3,3,"Yes",6374,0.80952380952381,0.321428571428571,0.448557890182256,0.288973384030418,0,1,0,0,1,0,1,0,0,1
1262,45,"Human Resources","Male","Married",9,5726,3.2,"No",4,4,"No",5726,0.642857142857143,0.285714285714286,0.393849530905368,0.121673003802281,0,0,0,1,0,0,1,0,1,0
1263,35,"Sales","Male","Single",9,7303,3.4,"Yes",4,3,"No",7303,0.404761904761905,0.285714285714286,0.526990090441867,0.129277566539924,1,0,0,0,0,1,1,0,0,1
1264,29,"Research & Development","Female","Married",1,6688,1.1,"No",3,3,"No",6688,0.261904761904762,0,0.475067805017044,0.0418250950570342,0,0,0,0,1,0,0,0,1,0
1265,18,"Research & Development","Male","Single",1,3350,4.5,"Yes",1,4,"Yes",3350,0,0,0.193252213556782,0.171102661596958,1,1,0,0,1,0,1,0,0,1
1266,31,"Research & Development","Female","",7,3492,1,"No",2,3,"No",3492,0.30952380952381,0.214285714285714,0.205240773768693,0.0380228136882129,0,0,0,0,1,0,0,0,0,0
1267,35,"Research & Development","Female","Married",3,5977,2,"No",3,3,"No",5977,0.404761904761905,0.0714285714285714,0.415040577477126,0.0760456273764259,0,0,0,0,1,0,0,0,1,0
1268,28,"Research & Development","Female","Married",3,6558,9.7,"No",2,3,"No",6558,0.238095238095238,0.0714285714285714,0.46409236256952,0.368821292775665,0,0,0,0,1,0,0,0,1,0
1269,36,"","Male","Married",1,4871,1.2,"No",3,3,"No",4871,0.428571428571429,0,0.321664890192809,0.0456273764258555,0,0,1,0,0,0,1,0,1,0
1270,38,"Sales","Female","Single",2,6149,0.4,"No",2,3,"No",6149,0.476190476190476,0.0357142857142857,0.429561932100003,0.0152091254752852,0,0,0,0,0,1,0,0,0,1
1271,35,"Research & Development","Male","Married",1,1816,0.4,"No",4,3,"No",1816,0.404761904761905,0,0.0637419926760028,0.0152091254752852,0,0,0,0,1,0,1,0,1,0
1272,31,"Research & Development","Female","Divorced",13,10972,14.1,"No",3,3,"No",10972,0.30952380952381,0.428571428571429,0.836750846903131,0.536121673003802,0,0,0,0,1,0,0,1,0,0
1273,39,"Research & Development","Male","Married",2,6354,3.5,"No",2,3,"No",6354,0.5,0.0357142857142857,0.446869360574944,0.133079847908745,0,0,0,0,1,0,1,0,1,0
1274,41,"Human Resources","Male","Single",5,5553,2.6,"No",4,3,"No",5553,0.547619047619048,0.142857142857143,0.379243749802125,0.0988593155893536,0,0,0,1,0,0,1,0,0,1
1275,27,"Research & Development","Female","Married",1,6351,8.3,"No",3,3,"No",6351,0.214285714285714,0,0.446616081133848,0.315589353612167,0,0,0,0,1,0,0,0,1,0
1276,50,"Research & Development","Male","Single",7,9434,9,"No",1,3,"No",9434,0.761904761904762,0.214285714285714,0.70690292010089,0.342205323193916,0,0,0,0,1,0,1,0,0,1
1277,36,"Research & Development","Male","Single",2,2763,2,"No",3,3,"No",2763,0.428571428571429,0.0357142857142857,0.143693869582194,0.0760456273764259,0,0,0,0,1,0,1,0,0,1
1278,37,"Research & Development","Female","Divorced",14,9087,5.9,"No",3,3,"No",9087,0.452380952380952,0.464285714285714,0.677606931414038,0.224334600760456,0,0,0,0,1,0,0,1,0,0
1279,43,"Research & Development","Female","Single",13,8152,7.4,"Yes",4,4,"No",8152,0.595238095238095,0.428571428571429,0.598668172272233,0.281368821292776,1,0,0,0,1,0,0,0,0,1
1280,39,"Research & Development","Female","Married",2,7540,5.3,"No",2,3,"No",7540,0.5,0.0357142857142857,0.546999166288506,0.201520912547528,0,0,0,0,1,0,0,0,1,0
1281,46,"Research & Development","Female","Married",14,7567,0.8,"Yes",3,3,"No",7567,0.666666666666667,0.464285714285714,0.549278681258377,0.0304182509505703,1,0,0,0,1,0,0,0,1,0
1282,40,"Sales","Male","Married",29,7248,10.4,"No",2,3,"No",7248,0.523809523809524,1,0.522346634021761,0.395437262357414,0,0,0,0,0,1,1,0,1,0
1283,31,"Research & Development","Male","Married",10,6135,3.9,"No",1,3,"No",6135,0.30952380952381,0.321428571428571,0.428379961374885,0.14828897338403,0,0,0,0,1,0,1,0,1,0
1284,40,"Sales","Male","Single",11,5334,1.7,"No",4,3,"No",5334,0.523809523809524,0.357142857142857,0.360754350602066,0.064638783269962,0,0,0,0,0,1,1,0,0,1
1285,27,"Research & Development","Male","Single",2,5830,2.8,"No",4,3,"No",5830,0.214285714285714,0.0357142857142857,0.402629884863387,0.106463878326996,0,0,0,0,1,0,1,0,0,1
1286,38,"Sales","Female","Married",5,1779,0.2,"No",2,3,"No",1779,0.476190476190476,0.142857142857143,0.0606182129024769,0.00760456273764259,0,0,0,0,0,1,0,0,1,0
1287,37,"Research & Development","Female","Single",1,4876,0.7,"No",3,3,"Yes",4876,0.452380952380952,0,0.322087022594637,0.026615969581749,0,1,0,0,1,0,0,0,0,1
1288,35,"Research & Development","Male","Married",1,6191,7.3,"No",2,3,"No",6191,0.404761904761905,0,0.433107844275357,0.277566539923954,0,0,0,0,1,0,1,0,1,0
1289,36,"Sales","Male","Single",29,5308,0,"Yes",4,3,"No",5308,0.428571428571429,1,0.358559262112562,0,1,0,0,0,0,1,1,0,0,1
1290,20,"Research & Development","Female","Single",2,4390,2.7,"No",1,4,"No",4390,0.0476190476190476,0.0357142857142857,0.281055753136971,0.102661596958175,0,0,0,0,1,0,0,0,0,1
1291,32,"Sales","Male","Married",8,4414,3.7,"Yes",1,3,"No",4414,0.333333333333333,0.25,0.283081988665745,0.140684410646388,1,0,0,0,0,1,1,0,1,0
1292,38,"Sales","Female","Single",10,3937,0.3,"No",3,3,"No",3937,0.476190476190476,0.321428571428571,0.24281055753137,0.0114068441064639,0,0,0,0,0,1,0,0,0,1
1293,38,"Research & Development","Male","Married",12,11069,18.1,"No",3,3,"No",11069,0.476190476190476,0.392857142857143,0.844940215498591,0.688212927756654,0,0,0,0,1,0,1,0,1,0
1294,28,"Research & Development","Female","Married",29,2810,1.3,"No",3,3,"No",2810,0.238095238095238,1,0.147661914159376,0.0494296577946768,0,0,0,0,1,0,0,0,1,0
1295,48,"Sales","Male","Married",2,7993,1.8,"Yes",1,3,"No",7993,0.714285714285714,0.0357142857142857,0.585244361894108,0.0684410646387833,1,0,0,0,0,1,1,0,1,0
1296,29,"Research & Development","Female","Single",4,3896,1.8,"Yes",2,3,"No",3896,0.261904761904762,0.107142857142857,0.239349071836381,0.0684410646387833,1,0,0,0,1,0,0,0,0,1
1297,46,"Research & Development","Female","Single",3,1955,1.3,"No",3,3,"No",1955,0.666666666666667,0.0714285714285714,0.0754772734468166,0.0494296577946768,0,0,0,0,1,0,0,0,0,1
1298,41,"Sales","Female","Single",1,4698,0,"Yes",2,3,"No",4698,0.547619047619048,0,0.307059109089566,0,1,0,0,0,0,1,0,0,0,1
1299,31,"Research & Development","Female","Married",1,4777,6.5,"Yes",4,3,"Yes",4777,0.30952380952381,0,0.313728801038446,0.247148288973384,1,1,0,0,1,0,0,0,1,0
1300,53,"Sales","Female","Married",3,10203,17,"Yes",1,3,"No",10203,0.833333333333333,0.0714285714285714,0.77182688350201,0.64638783269962,1,0,0,0,0,1,0,0,1,0
1301,26,"Sales","Female","Single",9,2059,1.3,"No",3,3,"No",2059,0.19047619047619,0.285714285714286,0.0842576274048355,0.0494296577946768,0,0,0,0,0,1,0,0,0,1
1302,45,"Research & Development","Male","Divorced",5,7794,5.4,"No",4,3,"No",7794,0.642857142857143,0.142857142857143,0.56844349230136,0.20532319391635,0,0,0,0,1,0,1,1,0,0
1303,46,"Research & Development","Female","Single",2,10233,6.8,"No",2,3,"Yes",10233,0.666666666666667,0.0357142857142857,0.774359677912977,0.258555133079848,0,1,0,0,1,0,0,0,0,1
1304,31,"Research & Development","Female","Married",6,7820,9.4,"No",3,3,"No",7820,0.30952380952381,0.178571428571429,0.570638580790865,0.357414448669202,0,0,0,0,1,0,0,0,1,0
1305,50,"Research & Development","Male","Married",2,6375,2.7,"No",4,3,"No",6375,0.761904761904762,0.0357142857142857,0.448642316662621,0.102661596958175,0,0,0,0,1,0,1,0,1,0
1306,35,"Human Resources","Female","Divorced",1,5854,1.8,"No",2,4,"No",5854,0.404761904761905,0,0.404656120392161,0.0684410646387833,0,0,0,1,0,0,0,1,0,0
1307,40,"Research & Development","Female","Married",9,5151,2,"No",4,3,"No",5151,0.523809523809524,0.285714285714286,0.345304304695168,0.0760456273764259,0,0,0,0,1,0,0,0,1,0
1308,39,"Sales","Female","Married",6,6374,6.2,"Yes",3,3,"No",6374,0.5,0.178571428571429,0.448557890182256,0.23574144486692,1,0,0,0,0,1,0,0,1,0
1309,36,"Research & Development","Male","Single",9,5903,8.5,"Yes",2,3,"No",5903,0.428571428571429,0.285714285714286,0.408793017930074,0.32319391634981,1,0,0,0,1,0,1,0,0,1
1310,44,"Sales","Male","Married",1,3342,1,"Yes",3,3,"No",3342,0.619047619047619,0,0.192576801713858,0.0380228136882129,1,0,0,0,0,1,1,0,1,0
1311,44,"","Female","Single",11,5840,2.3,"No",2,3,"Yes",5840,0.619047619047619,0.357142857142857,0.403474149667043,0.0874524714828897,0,1,1,0,0,0,0,0,0,1
1312,21,"Sales","Female","Divorced",6,7157,11.6,"No",4,3,"No",7157,0.0714285714285714,0.178571428571429,0.514663824308494,0.44106463878327,0,0,0,0,0,1,0,1,0,0
1313,49,"Sales","Male","Married",5,8945,8.2,"Yes",4,4,"No",8945,0.738095238095238,0.142857142857143,0.665618371202128,0.311787072243346,1,0,0,0,0,1,1,0,1,0
1314,22,"Human Resources","Female","Married",6,9706,21,"Yes",4,3,"No",9706,0.0952380952380952,0.178571428571429,0.729866922760324,0.798479087452471,1,0,0,1,0,0,0,0,1,0
1315,46,"Research & Development","Female","Married",4,6891,7,"Yes",4,3,"Yes",6891,0.666666666666667,0.107142857142857,0.492206380531254,0.26615969581749,1,1,0,0,1,0,0,0,1,0
1316,37,"Research & Development","Male","Married",5,7767,2.5,"No",4,3,"No",7767,0.452380952380952,0.142857142857143,0.56616397733149,0.0950570342205323,0,0,0,0,1,0,1,0,1,0
1317,27,"Research & Development","Female","Married",5,3179,4.5,"No",3,3,"No",3179,0.214285714285714,0.142857142857143,0.17881528541427,0.171102661596958,0,0,0,0,1,0,0,0,1,0
1318,33,"Sales","Male","Married",28,7354,5.4,"No",3,3,"No",7354,0.357142857142857,0.964285714285714,0.531295840940511,0.20532319391635,0,0,0,0,0,1,1,0,1,0
1319,27,"Sales","Male","Single",8,2217,0.4,"No",3,3,"No",2217,0.214285714285714,0.25,0.0975970113025951,0.0152091254752852,0,0,0,0,0,1,1,0,0,1
1320,35,"Sales","Male","Single",4,4776,3.9,"No",1,4,"No",4776,0.404761904761905,0.107142857142857,0.31364437455808,0.14828897338403,0,0,0,0,0,1,1,0,0,1
1321,34,"Research & Development","Female","Single",7,4390,6.2,"Yes",4,3,"No",4390,0.380952380952381,0.214285714285714,0.281055753136971,0.23574144486692,1,0,0,0,1,0,0,0,0,1
1322,44,"Research & Development","Male","Single",3,6374,0.9,"Yes",3,3,"No",6374,0.619047619047619,0.0714285714285714,0.448557890182256,0.0342205323193916,1,0,0,0,1,0,1,0,0,1
1323,49,"Research & Development","Male","Divorced",2,10343,7.6,"No",1,3,"No",10343,0.738095238095238,0.0357142857142857,0.78364659075319,0.288973384030418,0,0,0,0,1,0,1,1,0,0
1324,50,"Sales","Male","Single",5,8653,4.4,"No",1,3,"No",8653,0.761904761904762,0.142857142857143,0.640965838935382,0.167300380228137,0,0,0,0,0,1,1,0,0,1
1325,32,"Human Resources","Male","Divorced",16,10968,15.2,"No",3,3,"No",10968,0.333333333333333,0.535714285714286,0.836413140981669,0.577946768060836,0,0,0,1,0,0,1,1,0,0
1326,35,"Research & Development","Female","Single",16,5393,0.2,"No",3,3,"No",5393,0.404761904761905,0.535714285714286,0.365735512943635,0.00760456273764259,0,0,0,0,1,0,0,0,0,1
1327,22,"Research & Development","Male","Single",3,1849,1.5,"Yes",3,3,"No",1849,0.0952380952380952,0.0714285714285714,0.0665280665280665,0.0570342205323194,1,0,0,0,1,0,1,0,0,1
1328,30,"Research & Development","Male","Married",5,5054,4.6,"No",3,3,"No",5054,0.285714285714286,0.142857142857143,0.337114936099708,0.174904942965779,0,0,0,0,1,0,1,0,1,0
1329,46,"Research & Development","Female","Married",1,5320,1.8,"No",3,4,"No",5320,0.666666666666667,0,0.359572379876948,0.0684410646387833,0,0,0,0,1,0,0,0,1,0
1330,37,"Sales","Male","Married",29,10781,6.3,"No",4,4,"No",10781,0.452380952380952,1,0.820625389153308,0.239543726235741,0,0,0,0,0,1,1,0,1,0
1331,26,"Research & Development","Male","Married",24,4150,7.1,"No",2,3,"No",4150,0.19047619047619,0.821428571428571,0.260793397849235,0.269961977186312,0,0,0,0,1,0,1,0,1,0
1332,32,"Research & Development","Male","Married",4,5696,0.5,"No",1,3,"No",5696,0.333333333333333,0.107142857142857,0.391316736494401,0.0190114068441065,0,0,0,0,1,0,1,0,1,0
1333,37,"Sales","Male","Single",10,7379,3.6,"No",3,3,"No",7379,0.452380952380952,0.321428571428571,0.53340650294965,0.136882129277567,0,0,0,0,0,1,1,0,0,1
1334,40,"Sales","Male","Divorced",8,9144,3.6,"No",3,3,"No",9144,0.523809523809524,0.25,0.682419240794875,0.136882129277567,0,0,0,0,0,1,1,1,0,0
1335,30,"Sales","Male","Divorced",5,4130,2.3,"No",1,3,"Yes",4130,0.285714285714286,0.142857142857143,0.259104868241924,0.0874524714828897,0,1,0,0,0,1,1,1,0,0
1336,41,"Sales","Male","Married",1,11053,13.5,"No",3,3,"No",11053,0.547619047619048,0,0.843589391812742,0.513307984790874,0,0,0,0,0,1,1,0,1,0
1337,33,"Research & Development","Female","Single",4,10802,8.8,"Yes",1,3,"No",10802,0.357142857142857,0.107142857142857,0.822398345240985,0.334600760456274,1,0,0,0,1,0,0,0,0,1
1338,37,"Research & Development","Male","Married",7,5954,6,"No",3,3,"No",5954,0.452380952380952,0.214285714285714,0.413098768428718,0.228136882129278,0,0,0,0,1,0,1,0,1,0
1339,42,"Research & Development","Female","Single",7,5282,6.3,"No",3,3,"No",5282,0.571428571428571,0.214285714285714,0.356364173623057,0.239543726235741,0,0,0,0,1,0,0,0,0,1
1340,37,"Sales","Female","Single",3,3045,3.1,"Yes",3,3,"Yes",3045,0.452380952380952,0.0714285714285714,0.167502137045284,0.11787072243346,1,1,0,0,0,1,0,0,0,1
1341,33,"Research & Development","Male","Single",17,9814,12.7,"No",4,3,"No",9814,0.357142857142857,0.571428571428571,0.738984982639805,0.482889733840304,0,0,0,0,1,0,1,0,0,1
1342,36,"Research & Development","Female","Married",1,3900,5.9,"No",2,3,"No",3900,0.428571428571429,0,0.239686777757844,0.224334600760456,0,0,0,0,1,0,0,0,1,0
1343,36,"Sales","Male","Divorced",4,6377,6.5,"No",4,3,"No",6377,0.428571428571429,0.107142857142857,0.448811169623352,0.247148288973384,0,0,0,0,0,1,1,1,0,0
1344,34,"Research & Development","Female","Married",7,8541,9.9,"No",3,3,"No",8541,0.380952380952381,0.214285714285714,0.631510073134439,0.376425855513308,0,0,0,0,1,0,0,0,1,0
1345,35,"Research & Development","Male","Married",7,5378,1.6,"No",3,4,"No",5378,0.404761904761905,0.214285714285714,0.364469115738151,0.0608365019011407,0,0,0,0,1,0,1,0,1,0
1346,51,"Research & Development","Male","Married",6,9968,8.2,"Yes",4,3,"No",9968,0.785714285714286,0.178571428571429,0.751986660616102,0.311787072243346,1,0,0,0,1,0,1,0,1,0
1347,42,"Research & Development","Male","Single",2,6098,1.1,"Yes",4,3,"Yes",6098,0.571428571428571,0.0357142857142857,0.425256181601359,0.0418250950570342,1,1,0,0,1,0,1,0,0,1
1348,34,"Sales","Female","Married",1,7073,2.1,"Yes",3,3,"No",7073,0.380952380952381,0,0.507571999957787,0.0798479087452472,1,0,0,0,0,1,0,0,1,0
1349,43,"Research & Development","Male","Divorced",6,4772,2,"No",3,4,"No",4772,0.595238095238095,0.178571428571429,0.313306668636618,0.0760456273764259,0,0,0,0,1,0,1,1,0,0
1350,34,"Research & Development","Female","Single",5,10125,19.2,"No",1,3,"No",10125,0.380952380952381,0.142857142857143,0.765241618033496,0.730038022813688,0,0,0,0,1,0,0,0,0,1
1351,48,"Research & Development","Male","Divorced",1,8336,9.7,"No",1,3,"No",8336,0.714285714285714,0,0.614202644659497,0.368821292775665,0,0,0,0,1,0,1,1,0,0
1352,40,"Research & Development","Female","Married",7,8485,6,"No",3,4,"No",8485,0.523809523809524,0.214285714285714,0.626782190233967,0.228136882129278,0,0,0,0,1,0,0,0,1,0
1353,36,"Research & Development","Male","Married",4,8286,6.5,"No",3,3,"No",8286,0.428571428571429,0.107142857142857,0.609981320641219,0.247148288973384,0,0,0,0,1,0,1,0,1,0
1354,41,"Sales","Female","Married",4,7372,4.1,"No",3,4,"No",7372,0.547619047619048,0.107142857142857,0.532815517587091,0.155893536121673,0,0,0,0,0,1,0,0,1,0
1355,23,"Sales","Male","Married",11,10020,14.7,"No",2,4,"No",10020,0.119047619047619,0.357142857142857,0.756376837595112,0.55893536121673,0,0,0,0,0,1,1,0,1,0
1356,27,"Research & Development","Male","Divorced",1,6374,3.4,"Yes",4,4,"Yes",6374,0.214285714285714,0,0.448557890182256,0.129277566539924,1,1,0,0,1,0,1,1,0,0
1357,26,"Sales","Male","Divorced",1,6801,2.4,"No",4,3,"No",6801,0.19047619047619,0,0.484607997298353,0.091254752851711,0,0,0,0,0,1,1,1,0,0
1358,38,"Research & Development","Male","Married",9,7500,0.9,"No",4,3,"Yes",7500,0.476190476190476,0.285714285714286,0.543622107073884,0.0342205323193916,0,1,0,0,1,0,1,0,1,0
1359,37,"Human Resources","Female","Single",6,10498,7.7,"No",3,3,"No",10498,0.452380952380952,0.178571428571429,0.796732695209853,0.29277566539924,0,0,0,1,0,0,0,0,0,1
1360,37,"Research & Development","Male","Married",7,12163,6.6,"No",4,3,"No",12163,0.452380952380952,0.214285714285714,0.937302785018521,0.250950570342205,0,0,0,0,1,0,1,0,1,0
1361,43,"Research & Development","Female","Divorced",11,3855,2.4,"No",4,3,"No",3855,0.595238095238095,0.357142857142857,0.235887586141393,0.091254752851711,0,0,0,0,1,0,0,1,0,0
1362,42,"Research & Development","Male","Single",10,4628,0.1,"No",3,3,"No",4628,0.571428571428571,0.321428571428571,0.301149255463976,0.00380228136882129,0,0,0,0,1,0,1,0,0,1
1363,21,"Research & Development","Male","Married",19,4942,9.1,"Yes",2,3,"No",4942,0.0714285714285714,0.642857142857143,0.327659170298764,0.346007604562738,1,0,0,0,1,0,1,0,1,0
1364,32,"Research & Development","Male","Married",5,5297,0.1,"No",4,3,"No",5297,0.333333333333333,0.142857142857143,0.35763057082854,0.00380228136882129,0,0,0,0,1,0,1,0,1,0
1365,30,"Human Resources","Male","Married",4,4500,6.1,"No",3,3,"No",4500,0.285714285714286,0.107142857142857,0.290342665977184,0.231939163498099,0,0,0,1,0,0,1,0,1,0
1366,31,"Research & Development","Female","Single",3,11356,17.6,"No",3,3,"No",11356,0.30952380952381,0.0714285714285714,0.869170615363509,0.669201520912548,0,0,0,0,1,0,0,0,0,1
1367,35,"Human Resources","Male","Married",1,7611,2.9,"Yes",2,3,"Yes",7611,0.404761904761905,0,0.552993446394462,0.110266159695817,1,1,0,1,0,0,1,0,1,0
1368,33,"Human Resources","Male","Divorced",5,5798,1.3,"Yes",1,3,"No",5798,0.357142857142857,0.142857142857143,0.399928237491689,0.0494296577946768,1,0,0,1,0,0,1,1,0,0
1369,19,"Sales","Female","Single",4,5181,6.1,"Yes",4,3,"Yes",5181,0.0238095238095238,0.107142857142857,0.347837099106135,0.231939163498099,1,1,0,0,0,1,0,0,0,1
1370,44,"Sales","Female","Single",15,7113,8.5,"No",3,3,"No",7113,0.619047619047619,0.5,0.510949059172409,0.32319391634981,0,0,0,0,0,1,0,0,0,1
1371,27,"Sales","Male","Divorced",5,3710,4,"No",3,3,"No",3710,0.214285714285714,0.142857142857143,0.223645746488386,0.152091254752852,0,0,0,0,0,1,1,1,0,0
1372,39,"Sales","Male","Single",5,12879,17.1,"Yes",2,3,"No",12879,0.5,0.142857142857143,0.997752144960267,0.650190114068441,1,0,0,0,0,1,1,0,0,1
1373,56,"Sales","Female","Divorced",3,6374,0.3,"No",3,3,"No",6374,0.904761904761905,0.0714285714285714,0.448557890182256,0.0114068441064639,0,0,0,0,0,1,0,1,0,0
1374,37,"Research & Development","Male","Married",1,4986,3.5,"No",3,3,"No",4986,0.452380952380952,0,0.331373935434849,0.133079847908745,0,0,0,0,1,0,1,0,1,0
1375,18,"Sales","Male","Single",1,4078,6.3,"No",2,3,"No",4078,0,0,0.254714691262915,0.239543726235741,0,0,0,0,0,1,1,0,0,1
1376,34,"Sales","Male","Divorced",3,4846,9.9,"No",4,4,"No",4846,0.380952380952381,0.0714285714285714,0.31955422818367,0.376425855513308,0,0,0,0,0,1,1,1,0,0
1377,37,"Research & Development","Female","Married",1,4724,1,"No",1,3,"No",4724,0.452380952380952,0,0.309254197579071,0.0380228136882129,0,0,0,0,1,0,0,0,1,0
1378,55,"Sales","Female","Married",6,12607,8,"No",3,3,"No",12607,0.880952380952381,0.178571428571429,0.974788142300833,0.304182509505703,0,0,0,0,0,1,0,0,1,0
1379,26,"Research & Development","Male","Married",13,6374,4,"No",4,3,"No",6374,0.19047619047619,0.428571428571429,0.448557890182256,0.152091254752852,0,0,0,0,1,0,1,0,1,0
1380,41,"Sales","Male","",13,6419,2.5,"No",2,3,"No",6419,0.547619047619048,0.428571428571429,0.452357081798706,0.0950570342205323,0,0,0,0,0,1,1,0,0,0
1381,33,"Sales","Male","Single",6,6056,0.7,"No",4,3,"Yes",6056,0.357142857142857,0.178571428571429,0.421710269426005,0.026615969581749,0,1,0,0,0,1,1,0,0,1
1382,37,"Research & Development","Female","Married",1,6278,10,"No",4,3,"No",6278,0.452380952380952,0,0.440452948067161,0.380228136882129,0,0,0,0,1,0,0,0,1,0
1383,60,"Research & Development","Male","Divorced",12,8132,0.9,"No",4,3,"No",8132,1,0.392857142857143,0.596979642664922,0.0342205323193916,0,0,0,0,1,0,1,1,0,0
1384,23,"Research & Development","Male","Single",13,5172,1.9,"No",1,3,"No",5172,0.119047619047619,0.428571428571429,0.347077260782845,0.0722433460076046,0,0,0,0,1,0,1,0,0,1
1385,39,"Research & Development","Female","Married",1,5634,1.7,"Yes",2,3,"Yes",5634,0.5,0,0.386082294711736,0.064638783269962,1,1,0,0,1,0,0,0,1,0
1386,37,"Research & Development","Male","Single",8,13168,10.3,"No",2,3,"No",12905.625,0.452380952380952,0.25,1,0.391634980988593,0,0,0,0,1,0,1,0,0,1
1387,47,"Sales","Female","Married",2,5437,5.6,"Yes",3,3,"No",5437,0.69047619047619,0.0357142857142857,0.36945027807972,0.212927756653992,1,0,0,0,0,1,0,0,1,0
1388,38,"Sales","Male","Single",10,9288,8,"Yes",4,4,"No",9288,0.476190476190476,0.321428571428571,0.694576653967517,0.304182509505703,1,0,0,0,0,1,1,0,0,1
1389,37,"Research & Development","Male","Divorced",29,5371,1.4,"No",4,3,"No",5371,0.452380952380952,1,0.363878130375592,0.0532319391634981,0,0,0,0,1,0,1,1,0,0
1390,33,"Research & Development","Male","Married",1,7173,4.9,"No",4,3,"No",7173,0.357142857142857,0,0.516014647994343,0.186311787072243,0,0,0,0,1,0,1,0,1,0
1391,39,"Human Resources","Female","Single",14,7152,4.2,"Yes",4,3,"No",7152,0.5,0.464285714285714,0.514241691906667,0.159695817490494,1,0,0,1,0,0,0,0,0,1
1392,34,"Research & Development","Female","",6,6435,8.9,"No",4,3,"No",6435,0.380952380952381,0.178571428571429,0.453707905484555,0.338403041825095,0,0,0,0,1,0,0,0,0,0
1393,43,"Research & Development","Female","Single",22,9973,11.8,"No",2,3,"Yes",9973,0.595238095238095,0.75,0.75240879301793,0.448669201520913,0,1,0,0,1,0,0,0,0,1
1394,34,"Research & Development","Male","Married",4,1668,0.1,"Yes",2,3,"No",1668,0.380952380952381,0.107142857142857,0.051246873581899,0.00380228136882129,1,0,0,0,1,0,1,0,1,0
1395,40,"Sales","Female","Single",11,8005,5.6,"No",4,3,"No",8005,0.523809523809524,0.357142857142857,0.586257479658495,0.212927756653992,0,0,0,0,0,1,0,0,0,1
1396,37,"Human Resources","Male","",1,5332,0.3,"No",2,3,"No",5332,0.452380952380952,0,0.360585497641335,0.0114068441064639,0,0,0,1,0,0,1,0,0,0
1397,47,"Research & Development","Male","Married",2,8338,4,"No",1,3,"Yes",8338,0.69047619047619,0.0357142857142857,0.614371497620229,0.152091254752852,0,1,0,0,1,0,1,0,1,0
1398,37,"Research & Development","Female","Single",1,6962,1.7,"Yes",3,3,"No",6962,0.452380952380952,0,0.498200660637209,0.064638783269962,1,0,0,0,1,0,0,0,0,1
1399,21,"Research & Development","Male","Married",22,4041,1.8,"No",4,4,"No",4041,0.0714285714285714,0.75,0.251590911489389,0.0684410646387833,0,0,0,0,1,0,1,0,1,0
1400,48,"Research & Development","Male","",10,7092,2.2,"No",1,3,"Yes",7092,0.714285714285714,0.321428571428571,0.509176103084732,0.0836501901140684,0,1,0,0,1,0,1,0,0,0
1401,29,"Sales","Male","Single",11,4213,4.9,"No",4,3,"No",4213,0.261904761904762,0.357142857142857,0.266112266112266,0.186311787072243,0,0,0,0,0,1,1,0,0,1
1402,31,"Human Resources","Male","Single",17,3692,2,"Yes",4,3,"No",3692,0.30952380952381,0.571428571428571,0.222126069841806,0.0760456273764259,1,0,0,1,0,0,1,0,0,1
1403,32,"Research & Development","Male","Single",1,8270,6.6,"No",3,3,"No",8270,0.333333333333333,0,0.60863049695537,0.250950570342205,0,0,0,0,1,0,1,0,0,1
1404,49,"Research & Development","Female","Married",3,9285,2.6,"Yes",1,4,"No",9285,0.738095238095238,0.0714285714285714,0.69432337452642,0.0988593155893536,1,0,0,0,1,0,0,0,1,0
1405,18,"Sales","Male","Married",1,2283,0.4,"No",2,3,"No",2283,0,0,0.103169159006722,0.0152091254752852,0,0,0,0,0,1,1,0,1,0
1406,60,"Research & Development","Female","",1,10304,7.7,"Yes",4,3,"No",10304,1,0,0.780353958018933,0.29277566539924,1,0,0,0,1,0,0,0,0,0
1407,47,"Research & Development","Female","Divorced",2,6374,1.7,"No",4,3,"No",6374,0.69047619047619,0.0357142857142857,0.448557890182256,0.064638783269962,0,0,0,0,1,0,0,1,0,0
1408,39,"Sales","Male","Married",4,7759,2.8,"No",4,3,"No",7759,0.5,0.107142857142857,0.565488565488566,0.106463878326996,0,0,0,0,0,1,1,0,1,0
1409,37,"Human Resources","Male","Married",2,7808,5.8,"No",3,3,"No",7808,0.452380952380952,0.0357142857142857,0.569625463026478,0.220532319391635,0,0,0,1,0,0,1,0,1,0
1410,40,"Sales","Male","Divorced",1,8752,2,"Yes",2,3,"No",8752,0.523809523809524,0,0.649324060491573,0.0760456273764259,1,0,0,0,0,1,1,1,0,0
1411,42,"Sales","Female","",1,4168,0.3,"No",2,3,"No",4168,0.571428571428571,0,0.262313074495816,0.0114068441064639,0,0,0,0,0,1,0,0,0,0
1412,43,"Human Resources","Male","Single",1,5738,2.3,"No",4,4,"Yes",5738,0.595238095238095,0,0.394862648669755,0.0874524714828897,0,1,0,1,0,0,1,0,0,1
1413,42,"Human Resources","Female","Single",22,10802,14.5,"No",2,3,"No",10802,0.571428571428571,0.75,0.822398345240985,0.551330798479087,0,0,0,1,0,0,0,0,0,1
1414,38,"Research & Development","Male","Single",9,7655,5.1,"No",3,3,"No",7655,0.476190476190476,0.285714285714286,0.556708211530547,0.193916349809886,0,0,0,0,1,0,1,0,0,1
1415,35,"Research & Development","Female","Married",21,6176,5.6,"No",3,3,"No",6176,0.404761904761905,0.714285714285714,0.431841447069873,0.212927756653992,0,0,0,0,1,0,0,0,1,0
1416,36,"Research & Development","Male","Divorced",3,18599.5801088873,5,"No",1,3,"No",12905.625,0.428571428571429,0.0714285714285714,1,0.190114068441065,0,0,0,0,1,0,1,1,0,0
1417,35,"Sales","Male","Single",2,6247,1.1,"No",2,3,"No",6247,0.404761904761905,0.0357142857142857,0.437835727175829,0.0418250950570342,0,0,0,0,0,1,1,0,0,1
1418,47,"Sales","Female","Single",10,8007,2.7,"No",3,3,"No",8007,0.69047619047619,0.321428571428571,0.586426332619226,0.102661596958175,0,0,0,0,0,1,0,0,0,1
1419,42,"Research & Development","Female","Married",2,6456,7,"No",2,3,"Yes",6456,0.571428571428571,0.0357142857142857,0.455480861572232,0.26615969581749,0,1,0,0,1,0,0,0,1,0
1420,18,"Research & Development","Male","",2,6374,0.5,"No",2,3,"No",6374,0,0.0357142857142857,0.448557890182256,0.0190114068441065,0,0,0,0,1,0,1,0,0,0
1421,43,"Research & Development","Female","Single",2,7815,1.6,"No",4,4,"No",7815,0.595238095238095,0.0357142857142857,0.570216448389037,0.0608365019011407,0,0,0,0,1,0,0,0,0,1
1422,39,"Research & Development","Male","Married",1,5781,1.6,"Yes",4,3,"No",5781,0.5,0,0.398492987325475,0.0608365019011407,1,0,0,0,1,0,1,0,1,0
1423,37,"Sales","Female","Single",2,5879,2.8,"No",2,3,"No",5879,0.452380952380952,0.0357142857142857,0.4067667824013,0.106463878326996,0,0,0,0,0,1,0,0,0,1
1424,34,"Research & Development","Female","Single",3,12146,19.7,"No",4,3,"No",12146,0.380952380952381,0.0714285714285714,0.935867534852306,0.749049429657795,0,0,0,0,1,0,0,0,0,1
1425,47,"Sales","Male","Divorced",7,4792,0.3,"No",3,4,"No",4792,0.69047619047619,0.214285714285714,0.314995198243929,0.0114068441064639,0,0,0,0,0,1,1,1,0,0
1426,46,"Research & Development","Male","Divorced",1,7200,3.7,"Yes",3,3,"No",7200,0.666666666666667,0,0.518294162964214,0.140684410646388,1,0,0,0,1,0,1,1,0,0
1427,30,"Research & Development","Male","Single",1,1061,1,"No",4,3,"No",1061,0.285714285714286,0,0,0.0380228136882129,0,0,0,0,1,0,1,0,0,1
1428,41,"Research & Development","Male","Divorced",10,12735,17.6,"No",4,3,"No",12735,0.547619047619048,0.321428571428571,0.985594731787625,0.669201520912548,0,0,0,0,1,0,1,1,0,0
1429,28,"Research & Development","Female","Married",1,1568,0.6,"No",4,4,"No",1568,0.238095238095238,0,0.0428042255453423,0.0228136882129278,0,0,0,0,1,0,0,0,1,0
1430,25,"Sales","Male","Divorced",3,6505,2.6,"Yes",2,4,"Yes",6505,0.166666666666667,0.0714285714285714,0.459617759110145,0.0988593155893536,1,1,0,0,0,1,1,1,0,0
1431,31,"Sales","Male","Married",12,25524.6121227843,6.7,"No",1,3,"No",12905.625,0.30952380952381,0.392857142857143,1,0.254752851711027,0,0,0,0,0,1,1,0,1,0
1432,45,"Research & Development","Female","",1,7557,6.1,"No",4,3,"No",7557,0.642857142857143,0,0.548434416454721,0.231939163498099,0,0,0,0,1,0,0,0,0,0
1433,46,"Research & Development","Female","Married",1,5863,2.7,"No",3,3,"No",5863,0.666666666666667,0,0.405415958715451,0.102661596958175,0,0,0,0,1,0,0,0,1,0
1434,42,"Sales","Male","Married",4,5683,2.1,"No",2,3,"No",5683,0.571428571428571,0.107142857142857,0.390219192249649,0.0798479087452472,0,0,0,0,0,1,1,0,1,0
1435,44,"Sales","Male","Single",2,8623,2.5,"No",4,3,"No",8623,0.619047619047619,0.0357142857142857,0.638433044524415,0.0950570342205323,0,0,0,0,0,1,1,0,0,1
1436,42,"Research & Development","Male","",5,2173,1.5,"No",4,3,"No",2173,0.571428571428571,0.142857142857143,0.0938822461665101,0.0570342205323194,0,0,0,0,1,0,1,0,0,0
1437,31,"Sales","Male","Single",10,6360,1.1,"Yes",4,4,"No",6360,0.30952380952381,0.321428571428571,0.447375919457138,0.0418250950570342,1,0,0,0,0,1,1,0,0,1
1438,41,"Research & Development","Female","Married",1,6922,3.3,"No",2,3,"No",6922,0.547619047619048,0,0.494823601422586,0.125475285171103,0,0,0,0,1,0,0,0,1,0
1439,44,"Research & Development","Male","Single",5,4369,1.6,"No",4,3,"No",4369,0.619047619047619,0.142857142857143,0.279282797049294,0.0608365019011407,0,0,0,0,1,0,1,0,0,1
1440,44,"","Female","Married",4,4602,1.7,"Yes",1,3,"No",4602,0.619047619047619,0.107142857142857,0.298954166974472,0.064638783269962,1,0,1,0,0,0,0,0,1,0
1441,48,"Sales","Male","Divorced",1,10470,5.3,"Yes",1,3,"No",10470,0.714285714285714,0,0.794368753759617,0.201520912547528,1,0,0,0,0,1,1,1,0,0
1442,43,"Human Resources","Female","Single",6,10137,17.3,"No",3,3,"No",10137,0.595238095238095,0.178571428571429,0.766254735797883,0.657794676806084,0,0,0,1,0,0,0,0,0,1
1443,40,"Research & Development","Female","Married",2,5020,4.6,"No",1,3,"No",5020,0.523809523809524,0.0357142857142857,0.334244435767278,0.174904942965779,0,0,0,0,1,0,0,0,1,0
1444,47,"Research & Development","Female","Married",4,37619.3696874308,0.4,"No",3,3,"No",12905.625,0.69047619047619,0.107142857142857,1,0.0152091254752852,0,0,0,0,1,0,0,0,1,0
1445,37,"Research & Development","Male","Divorced",1,5428,0.4,"No",4,4,"No",5428,0.452380952380952,0,0.36869043975643,0.0152091254752852,0,0,0,0,1,0,1,1,0,0
1446,29,"Human Resources","Male","Single",4,7698,15.1,"No",3,3,"No",7698,0.261904761904762,0.107142857142857,0.560338550186266,0.574144486692015,0,0,0,1,0,0,1,0,0,1
1447,36,"Human Resources","Male","Married",2,5615,1.8,"No",2,3,"No",5615,0.428571428571429,0.0357142857142857,0.384478191584791,0.0684410646387833,0,0,0,1,0,0,1,0,1,0
1448,37,"Research & Development","Female","Divorced",10,2576,0.5,"Yes",2,3,"No",2576,0.452380952380952,0.321428571428571,0.127906117753833,0.0190114068441065,1,0,0,0,1,0,0,1,0,0
1449,31,"Research & Development","Female","Divorced",1,7321,4.6,"No",3,3,"No",7321,0.30952380952381,0,0.528509767088447,0.174904942965779,0,0,0,0,1,0,0,1,0,0
1450,36,"Sales","Female","Married",3,7967,4.9,"No",3,3,"No",7967,0.428571428571429,0.0714285714285714,0.583049273404603,0.186311787072243,0,0,0,0,0,1,0,0,1,0
1451,37,"Research & Development","Female","Married",4,6558,5.2,"Yes",4,3,"No",6558,0.452380952380952,0.107142857142857,0.46409236256952,0.197718631178707,1,0,0,0,1,0,0,0,1,0
1452,34,"Research & Development","Female","Married",8,5522,1.6,"Yes",4,3,"No",5522,0.380952380952381,0.25,0.376626528910793,0.0608365019011407,1,0,0,0,1,0,0,0,1,0
1453,20,"Research & Development","Male","Divorced",5,5417,0.1,"No",3,3,"No",5417,0.0476190476190476,0.142857142857143,0.367761748472408,0.00380228136882129,0,0,0,0,1,0,1,1,0,0
1454,39,"Human Resources","Female","Married",4,10900,16.8,"No",4,3,"No",10900,0.5,0.107142857142857,0.83067214031681,0.638783269961977,0,0,0,1,0,0,0,0,1,0
1455,37,"Sales","Male","Single",9,3497,1.4,"No",1,3,"Yes",3497,0.452380952380952,0.285714285714286,0.20566290617052,0.0532319391634981,0,1,0,0,0,1,1,0,0,1
1456,30,"Research & Development","Male","Divorced",12,6574,5.6,"No",2,3,"No",6574,0.285714285714286,0.392857142857143,0.465443186255369,0.212927756653992,0,0,0,0,1,0,1,1,0,0
1457,43,"Sales","Male","Married",2,10764,6.1,"No",4,4,"No",10764,0.595238095238095,0.0357142857142857,0.819190138987093,0.231939163498099,0,0,0,0,0,1,1,0,1,0
1458,45,"Research & Development","Male","Married",5,5863,4.7,"No",3,3,"No",5863,0.642857142857143,0.142857142857143,0.405415958715451,0.178707224334601,0,0,0,0,1,0,1,0,1,0
1459,23,"Sales","Male","Single",11,12603.6951936461,1.9,"No",4,3,"No",12603.6951936461,0.119047619047619,0.357142857142857,0.974509129132082,0.0722433460076046,0,0,0,0,0,1,1,0,0,1
1460,30,"Sales","Female","Married",27,5125,1.6,"No",3,4,"No",5125,0.285714285714286,0.928571428571429,0.343109216205663,0.0608365019011407,0,0,0,0,0,1,0,0,1,0
1461,30,"Sales","Male","Married",13,5469,4.6,"Yes",4,3,"Yes",5469,0.285714285714286,0.428571428571429,0.372151925451418,0.174904942965779,1,1,0,0,0,1,1,0,1,0
1462,29,"Research & Development","Female","Married",3,5882,10.1,"No",3,3,"No",5882,0.261904761904762,0.0714285714285714,0.407020061842397,0.384030418250951,0,0,0,0,1,0,0,0,1,0
1463,44,"Research & Development","Male","Single",1,12448,14.7,"No",3,4,"No",12448,0.619047619047619,0,0.961364331922708,0.55893536121673,0,0,0,0,1,0,1,0,0,1
1464,35,"Research & Development","Male","Married",4,8230,0.6,"No",3,3,"No",8230,0.404761904761905,0.107142857142857,0.605253437740747,0.0228136882129278,0,0,0,0,1,0,1,0,1,0
1465,37,"Human Resources","Male","",8,5114,0.8,"No",4,4,"No",5114,0.452380952380952,0.25,0.342180524921642,0.0304182509505703,0,0,0,1,0,0,1,0,0,0
1466,19,"Research & Development","Male","Single",4,6339,14.5,"No",3,4,"No",6339,0.0238095238095238,0.107142857142857,0.445602963369461,0.551330798479087,0,0,0,0,1,0,1,0,0,1
1467,43,"Sales","Female","Divorced",4,5522,6.7,"Yes",4,3,"No",5522,0.595238095238095,0.107142857142857,0.376626528910793,0.254752851711027,1,0,0,0,0,1,0,1,0,0
1468,26,"Research & Development","Male","Married",11,7592,10.7,"No",2,3,"No",7592,0.19047619047619,0.357142857142857,0.551389343267516,0.406844106463878,0,0,0,0,1,0,1,0,1,0
1469,38,"Sales","Female","Divorced",3,6941,1.1,"No",1,3,"No",6941,0.476190476190476,0.0714285714285714,0.496427704549532,0.0418250950570342,0,0,0,0,0,1,0,1,0,0
1470,39,"Human Resources","Male","Married",12,7273,4.4,"Yes",3,3,"No",7273,0.5,0.392857142857143,0.5244572960309,0.167300380228137,1,0,0,1,0,0,1,0,1,0
1471,49,"Sales","Female","Married",3,8316,6,"Yes",3,3,"Yes",8316,0.738095238095238,0.0714285714285714,0.612514115052186,0.228136882129278,1,1,0,0,0,1,0,0,1,0
1472,25,"Human Resources","Female","Married",2,6374,5.7,"No",4,3,"No",6374,0.166666666666667,0.0357142857142857,0.448557890182256,0.216730038022814,0,0,0,1,0,0,0,0,1,0
1473,18,"Sales","Female","Divorced",4,1772,2.6,"Yes",3,3,"No",1772,0,0.107142857142857,0.0600272275399179,0.0988593155893536,1,0,0,0,0,1,0,1,0,0
1474,37,"Research & Development","Male","Married",9,6307,0.1,"No",4,3,"No",6307,0.452380952380952,0.285714285714286,0.442901315997763,0.00380228136882129,0,0,0,0,1,0,1,0,1,0
1475,53,"Research & Development","Male","Single",1,9611,4.4,"No",3,3,"No",9611,0.833333333333333,0,0.721846407125595,0.167300380228137,0,0,0,0,1,0,1,0,0,1
1476,48,"Human Resources","Male","Married",1,4306,1.5,"No",3,3,"No",4306,0.714285714285714,0,0.273963928786264,0.0570342205323194,0,0,0,1,0,0,1,0,1,0
1477,39,"Sales","Female","Married",18,8455,3,"Yes",4,3,"No",8455,0.5,0.607142857142857,0.624249395823,0.114068441064639,1,0,0,0,0,1,0,0,1,0
1478,33,"Research & Development","Male","",1,10691,15.8,"No",2,3,"No",10691,0.357142857142857,0,0.813027005920407,0.600760456273764,0,0,0,0,1,0,1,0,0,0
1479,37,"Human Resources","Male","Married",5,8594,2.5,"No",3,4,"No",8594,0.452380952380952,0.142857142857143,0.635984676593814,0.0950570342205323,0,0,0,1,0,0,1,0,1,0
1480,28,"Research & Development","Female","Married",5,22953.1082591132,9.2,"No",4,4,"No",12905.625,0.238095238095238,0.142857142857143,1,0.349809885931559,0,0,0,0,1,0,0,0,1,0
1481,41,"Research & Development","Male","Married",4,3561,1,"Yes",4,3,"No",3561,0.547619047619048,0.107142857142857,0.211066200913917,0.0380228136882129,1,0,0,0,1,0,1,0,1,0
1482,42,"Research & Development","Female","Single",6,34643.6197705384,5.6,"No",3,4,"No",12905.625,0.571428571428571,0.178571428571429,1,0.212927756653992,0,0,0,0,1,0,0,0,0,1
1483,47,"Research & Development","Male","Married",2,13349,18.9,"No",3,3,"No",12905.625,0.69047619047619,0.0357142857142857,1,0.718631178707224,0,0,0,0,1,0,1,0,1,0
1484,60,"Research & Development","Male","Single",5,10410,0.5,"No",2,3,"No",10410,1,0.142857142857143,0.789303164937683,0.0190114068441065,0,0,0,0,1,0,1,0,0,1
1485,41,"Research & Development","Female","Single",3,6319,0,"Yes",3,3,"Yes",6319,0.547619047619048,0.0714285714285714,0.44391443376215,0,1,1,0,0,1,0,0,0,0,1
1486,32,"Human Resources","Male","Married",7,4796,2.8,"Yes",4,3,"No",4796,0.333333333333333,0.214285714285714,0.315332904165391,0.106463878326996,1,0,0,1,0,0,1,0,1,0
1487,37,"Sales","Female","Married",1,3415,0.5,"No",4,4,"No",3415,0.452380952380952,0,0.198739934780544,0.0190114068441065,0,0,0,0,0,1,0,0,1,0
1488,21,"Sales","Male","Married",5,7120,6.9,"No",2,3,"No",7120,0.0714285714285714,0.142857142857143,0.511540044534968,0.262357414448669,0,0,0,0,0,1,1,0,1,0
1489,31,"Human Resources","Male","Married",1,6918,12.3,"No",2,3,"Yes",6918,0.30952380952381,0,0.494485895501124,0.467680608365019,0,1,0,1,0,0,1,0,1,0
1490,33,"Research & Development","Female","Married",2,7723,2.8,"No",2,3,"No",7723,0.357142857142857,0.0357142857142857,0.562449212195405,0.106463878326996,0,0,0,0,1,0,0,0,1,0
1491,32,"Research & Development","Female","Single",1,4278,1.5,"No",2,3,"No",4278,0.333333333333333,0,0.271599987336028,0.0570342205323194,0,0,0,0,1,0,0,0,0,1
1492,38,"Research & Development","Female","Married",1,8266,2.8,"Yes",1,3,"Yes",8266,0.476190476190476,0,0.608292791033908,0.106463878326996,1,1,0,0,1,0,0,0,1,0
1493,30,"","Male","Single",10,7198,6.4,"No",3,3,"No",7198,0.285714285714286,0.321428571428571,0.518125310003483,0.243346007604563,0,0,1,0,0,0,1,0,0,1
1494,47,"Sales","Female","Single",2,5775,0,"Yes",1,3,"Yes",5775,0.69047619047619,0.0357142857142857,0.397986428443281,0,1,1,0,0,0,1,0,0,0,1
1495,37,"Research & Development","Male","Married",16,6374,4.5,"No",2,3,"No",6374,0.452380952380952,0.535714285714286,0.448557890182256,0.171102661596958,0,0,0,0,1,0,1,0,1,0
1496,37,"Research & Development","Male","Married",21,5949,4.8,"No",3,3,"No",5949,0.452380952380952,0.714285714285714,0.41267663602689,0.182509505703422,0,0,0,0,1,0,1,0,1,0
1497,34,"Research & Development","Female","Married",5,6374,5.1,"No",2,3,"No",6374,0.380952380952381,0.142857142857143,0.448557890182256,0.193916349809886,0,0,0,0,1,0,0,0,1,0
1498,38,"Sales","Male","Married",1,6374,1.4,"Yes",1,3,"No",6374,0.476190476190476,0,0.448557890182256,0.0532319391634981,1,0,0,0,0,1,1,0,1,0
1499,44,"Human Resources","Female","Married",3,6934,6.3,"Yes",2,3,"Yes",6934,0.619047619047619,0.0714285714285714,0.495836719186973,0.239543726235741,1,1,0,1,0,0,0,0,1,0
1500,29,"Human Resources","Male","Divorced",10,3747,0.5,"No",2,3,"No",3747,0.261904761904762,0.321428571428571,0.226769526261912,0.0190114068441065,0,0,0,1,0,0,1,1,0,0
