EmployeeID,Age,Department,Gender,MaritalStatus,DistanceFromHome,MonthlyIncome,YearsAtCompany,OverTime,JobSatisfaction,PerformanceRating,Attrition
1001,,Research & Development,Female,Single,1.0,3408.0,1.9,No,2,3,No
1002,,Human Resources,Male,Married,13.0,3769.0,0.5,No,2,3,No
1003,35.0,Research & Development,Male,Divorced,8.0,7080.0,2.2,Yes,1,3,No
1004,,Research & Development,Female,Married,1.0,5991.0,1.6,No,2,4,No
1005,45.0,,Female,Married,2.0,8163.0,9.2,No,1,3,No
1006,30.0,Sales,Male,Married,1.0,5331.0,1.9,No,3,3,No
1007,50.0,Sales,Female,Married,2.0,7417.0,7.8,No,1,4,No
1008,35.0,Research & Development,Female,Divorced,2.0,9447.0,11.1,No,4,3,No
1009,37.0,Research & Development,Female,,1.0,6373.0,2.8,No,2,3,No
1010,30.0,Research & Development,Female,Married,4.0,7678.0,12.0,No,4,3,No
1011,18.0,Sales,Female,Single,8.0,2082.0,2.4,No,4,4,No
1012,45.0,Human Resources,Male,Divorced,6.0,10220.0,16.6,No,2,3,No
1013,,Research & Development,Female,Divorced,7.0,6597.0,0.5,No,4,3,No
1014,34.0,Sales,Female,Single,1.0,8293.0,5.8,Yes,4,3,No
1015,38.0,Sales,Male,Married,18.0,5134.0,3.4,Yes,4,3,No
1016,42.0,Sales,Male,Divorced,11.0,6943.0,2.5,Yes,3,3,No
1017,23.0,Sales,Male,Single,10.0,1719.0,5.0,No,1,3,No
1018,32.0,Research & Development,Female,Married,10.0,5438.0,6.1,No,3,3,No
1019,44.0,Research & Development,Female,Divorced,16.0,5573.0,0.0,Yes,3,3,Yes
1020,26.0,Sales,Male,,5.0,2410.0,0.9,No,3,3,No
1021,40.0,Research & Development,Female,Married,1.0,5905.0,6.2,Yes,2,3,No
1022,25.0,Sales,Male,Single,6.0,4263.0,5.5,No,4,3,No
1023,41.0,Sales,Female,Divorced,8.0,11613.0,16.9,No,4,3,No
1024,37.0,Research & Development,Female,Divorced,8.0,27001.530725274537,7.2,Yes,2,3,No
1025,22.0,Research & Development,Female,Divorced,4.0,4908.0,15.1,No,1,3,No
1026,,Research & Development,Male,Married,,4934.0,6.1,Yes,2,3,No
1027,30.0,Sales,Male,Divorced,3.0,3660.0,1.8,No,4,3,No
1028,30.0,Research & Development,Male,Divorced,15.0,4837.0,0.6,No,4,3,No
1029,39.0,,Male,Single,5.0,3559.0,7.6,No,3,3,No
1030,47.0,Sales,Female,,5.0,7050.0,5.2,No,3,3,No
1031,28.0,Research & Development,Female,Single,2.0,2981.0,0.2,No,3,3,No
1032,38.0,Sales,Female,Married,3.0,7753.0,2.2,No,2,4,No
1033,41.0,Sales,Female,Single,14.0,10177.0,15.7,No,3,4,No
1034,43.0,,Female,,7.0,7299.0,3.5,Yes,4,3,No
1035,39.0,Human Resources,Female,Single,9.0,6212.0,2.8,No,4,3,No
1036,34.0,Research & Development,Female,Married,4.0,2309.0,3.1,Yes,4,3,No
1037,30.0,Sales,Female,Single,6.0,5512.0,1.2,Yes,4,3,Yes
1038,38.0,Sales,Male,Married,2.0,6028.0,2.3,No,3,3,No
1039,27.0,Research & Development,Male,Single,7.0,5147.0,2.3,Yes,3,4,No
1040,18.0,Research & Development,Male,,3.0,,0.3,No,4,3,No
1041,41.0,Sales,Female,Married,4.0,4689.0,7.3,No,4,4,No
1042,45.0,Research & Development,Female,Married,6.0,9272.0,2.7,Yes,2,3,No
1043,18.0,Sales,Male,Single,17.0,5079.0,8.6,No,2,3,No
1044,28.0,Human Resources,Female,Married,1.0,,9.5,Yes,2,3,Yes
1045,43.0,Sales,Female,Divorced,10.0,5852.0,1.2,No,3,3,No
1046,56.0,Research & Development,Male,Married,2.0,8314.0,5.4,No,2,3,No
1047,37.0,Sales,Male,Single,4.0,5045.0,3.2,No,3,3,No
1048,30.0,Research & Development,Female,Single,1.0,8144.0,10.6,No,1,3,No
1049,35.0,Research & Development,Male,Divorced,2.0,9610.487326751145,1.2,Yes,3,3,No
1050,49.0,Sales,Female,Single,4.0,9341.0,5.7,No,4,3,No
1051,31.0,Human Resources,Male,Divorced,1.0,5081.0,4.7,No,2,3,No
1052,30.0,Research & Development,Female,Married,4.0,2840.0,1.7,No,4,3,No
1053,33.0,Human Resources,Female,Divorced,16.0,3870.0,0.7,No,3,3,Yes
1054,28.0,Research & Development,Female,Married,1.0,7441.0,5.3,No,4,4,No
1055,38.0,Research & Development,Female,Divorced,9.0,6442.0,6.7,Yes,2,3,Yes
1056,52.0,Human Resources,Male,Married,3.0,7783.0,1.9,Yes,4,3,No
1057,40.0,Sales,Male,Married,6.0,5864.0,5.2,No,3,3,No
1058,35.0,Sales,Male,Married,2.0,6552.0,2.5,No,4,3,No
1059,34.0,Sales,Female,Married,1.0,7618.0,6.2,No,4,3,No
1060,23.0,Sales,Female,Married,1.0,6258.0,1.1,No,2,3,No
1061,45.0,Research & Development,Female,Divorced,1.0,9327.0,11.0,No,1,3,No
1062,36.0,Sales,Male,Divorced,1.0,30597.288230088347,1.7,Yes,2,3,No
1063,35.0,Research & Development,Male,Married,7.0,5492.0,2.3,No,3,3,No
1064,60.0,Research & Development,Male,Married,13.0,9589.0,0.3,Yes,2,4,No
1065,40.0,Sales,Male,Married,10.0,4272.0,0.6,No,2,4,No
1066,,Research & Development,Female,Married,7.0,6318.0,3.6,No,3,3,No
1067,33.0,Sales,Male,Single,1.0,4568.0,1.6,No,1,3,No
1068,,Research & Development,Male,Single,2.0,9034.0,9.0,Yes,2,3,No
1069,38.0,Sales,Female,Married,2.0,5073.0,0.1,No,3,3,No
1070,24.0,Human Resources,Male,Single,2.0,4438.0,2.4,No,1,3,Yes
1071,45.0,Research & Development,Male,Single,4.0,6301.0,2.1,No,3,3,No
1072,31.0,Sales,Female,Single,5.0,4417.0,0.1,Yes,3,4,No
1073,54.0,Sales,Male,Single,3.0,9432.0,0.7,No,3,4,No
1074,47.0,Research & Development,Female,Single,3.0,8403.0,2.7,No,4,3,No
1075,33.0,Research & Development,Female,Divorced,11.0,6794.0,3.4,Yes,3,3,No
1076,49.0,Research & Development,Female,Married,9.0,,2.6,Yes,3,3,Yes
1077,38.0,Research & Development,Male,Married,2.0,4896.0,3.8,Yes,3,3,No
1078,45.0,Sales,Female,Married,15.0,8748.0,4.5,No,4,3,No
1079,41.0,Research & Development,Male,Single,18.0,6574.0,0.0,No,4,3,No
1080,29.0,Sales,Male,Divorced,2.0,7114.0,3.1,No,4,4,No
1081,31.0,Research & Development,Male,Married,3.0,8964.0,16.6,Yes,4,3,No
1082,,Research & Development,Female,Single,4.0,6811.0,3.7,No,2,3,No
1083,34.0,Sales,Male,Married,17.0,3956.0,5.7,No,2,3,No
1084,33.0,Sales,Male,Divorced,13.0,4376.0,1.9,No,1,3,No
1085,28.0,Sales,Female,Divorced,1.0,7785.0,7.4,No,4,3,No
1086,41.0,Sales,Male,Married,3.0,7150.0,7.4,Yes,4,3,No
1087,56.0,Research & Development,Male,Married,5.0,9316.0,3.7,No,4,3,No
1088,27.0,Research & Development,Male,Single,4.0,9839.0,18.7,No,2,3,No
1089,37.0,Research & Development,Male,Divorced,1.0,5511.0,0.7,No,4,3,No
1090,50.0,Research & Development,Male,Single,12.0,4653.0,0.1,No,2,4,No
1091,36.0,Sales,Male,Divorced,7.0,7378.0,7.4,No,1,3,No
1092,41.0,Research & Development,Female,Married,11.0,3643.0,8.2,No,3,3,No
1093,27.0,Research & Development,Male,Married,12.0,3510.0,0.6,Yes,3,3,No
1094,41.0,Research & Development,Male,Married,8.0,3339.0,1.5,Yes,3,3,Yes
1095,35.0,Research & Development,Female,Single,3.0,6384.0,0.1,No,4,3,No
1096,46.0,Research & Development,Male,Single,6.0,,1.7,No,1,4,No
1097,,Research & Development,Female,,1.0,9390.0,7.4,Yes,3,4,No
1098,60.0,,Male,,7.0,11082.0,3.6,Yes,3,3,No
1099,42.0,Sales,Male,Married,1.0,4692.0,2.1,Yes,2,3,No
1100,40.0,Sales,Male,Married,7.0,8566.0,2.3,No,4,3,No
1101,39.0,Sales,Male,,2.0,6418.0,0.0,Yes,4,3,Yes
1102,34.0,Research & Development,Male,Divorced,1.0,4695.0,1.8,No,4,3,No
1103,40.0,Sales,Male,Divorced,1.0,8663.0,5.2,Yes,4,3,Yes
1104,34.0,Research & Development,Male,Divorced,1.0,9166.0,18.3,No,4,3,No
1105,39.0,Human Resources,Male,Divorced,8.0,7073.0,9.4,Yes,2,3,Yes
1106,49.0,Sales,Male,Single,8.0,5342.0,0.1,No,4,3,No
1107,28.0,,Male,Married,4.0,6897.0,11.4,Yes,2,4,Yes
1108,47.0,Research & Development,Male,Married,1.0,7055.0,7.6,No,2,3,Yes
1109,49.0,Sales,Male,Married,1.0,10715.0,7.6,Yes,1,3,Yes
1110,36.0,Sales,Female,Single,1.0,5357.0,3.1,No,4,3,No
1111,18.0,Sales,Male,Married,1.0,3904.0,2.5,No,4,3,No
1112,32.0,Sales,Female,Single,13.0,3954.0,1.8,No,2,3,No
1113,49.0,Human Resources,Female,Single,2.0,3594.0,0.3,No,4,3,No
1114,37.0,Research & Development,Male,Married,,,1.3,No,4,4,No
1115,28.0,Research & Development,Female,Married,1.0,1322.0,1.4,No,1,3,No
1116,32.0,Research & Development,Female,,2.0,5232.0,3.3,No,2,3,No
1117,45.0,Research & Development,Male,Single,4.0,6103.0,6.9,No,4,3,Yes
1118,42.0,Sales,Male,Divorced,6.0,9481.0,3.2,No,2,3,No
1119,35.0,Research & Development,Female,Single,2.0,6012.0,0.3,No,3,3,No
1120,,Research & Development,Female,Single,1.0,10109.0,15.8,No,1,4,No
1121,33.0,,Male,Divorced,3.0,11201.0,14.3,No,3,3,No
1122,29.0,Research & Development,Male,Divorced,2.0,5246.0,7.7,Yes,4,3,No
1123,52.0,Sales,Male,Divorced,1.0,15690.0,23.7,No,4,3,No
1124,34.0,,Male,Married,19.0,27407.055873657435,3.9,No,4,3,No
1125,48.0,Sales,Female,Married,6.0,12271.0,16.5,Yes,4,4,No
1126,51.0,Research & Development,Male,Married,5.0,8509.0,0.4,No,4,4,No
1127,46.0,Research & Development,Male,Single,3.0,7764.0,2.3,Yes,4,3,No
1128,33.0,Research & Development,Female,Married,3.0,5188.0,1.3,No,1,3,No
1129,41.0,Sales,Male,Married,5.0,3163.0,1.1,Yes,3,3,Yes
1130,37.0,Research & Development,Male,Single,7.0,3620.0,0.8,No,1,3,Yes
1131,29.0,Research & Development,Female,Married,7.0,5351.0,4.9,No,4,4,No
1132,40.0,Sales,Female,Married,1.0,7940.0,7.6,No,3,3,No
1133,26.0,Sales,Male,Single,4.0,3270.0,4.3,No,3,3,No
1134,48.0,Sales,Male,Single,3.0,9998.0,0.8,No,2,3,No
1135,33.0,Human Resources,Male,Married,12.0,9480.0,8.3,No,4,3,No
1136,39.0,Sales,Male,Single,6.0,7708.0,5.1,Yes,4,3,No
1137,40.0,Research & Development,Male,Divorced,5.0,6123.0,2.5,No,3,3,No
1138,35.0,Research & Development,Male,Married,1.0,6182.0,5.6,Yes,4,3,No
1139,42.0,Research & Development,Male,Married,6.0,4477.0,1.5,No,2,3,No
1140,33.0,Human Resources,Male,Married,1.0,5151.0,2.1,No,3,3,No
1141,45.0,Human Resources,Male,Married,2.0,10502.0,12.5,No,4,3,Yes
1142,25.0,Sales,Male,Single,1.0,2072.0,1.7,No,3,3,No
1143,38.0,Research & Development,Male,Married,7.0,6521.0,3.2,No,4,3,No
1144,,Sales,Male,Married,1.0,10437.0,11.0,No,2,3,No
1145,28.0,Sales,Male,Single,3.0,3008.0,6.2,Yes,1,4,No
1146,31.0,Sales,Female,Divorced,14.0,2874.0,0.3,No,4,3,No
1147,42.0,Research & Development,Female,Married,1.0,5040.0,0.8,Yes,1,3,Yes
1148,39.0,Research & Development,Female,Married,,7852.0,0.0,No,4,3,No
1149,40.0,Sales,Female,Divorced,3.0,7725.0,5.0,No,4,3,No
1150,41.0,Sales,Male,Divorced,1.0,4307.0,3.0,No,2,3,No
1151,43.0,Human Resources,Male,Married,9.0,6474.0,0.7,Yes,3,3,No
1152,47.0,Sales,Male,,1.0,9189.0,15.8,No,2,3,No
1153,41.0,Sales,Female,Married,4.0,8214.0,3.8,Yes,3,3,No
1154,,Research & Development,Female,Married,5.0,4323.0,1.4,No,1,3,Yes
1155,43.0,Human Resources,Male,Married,6.0,6585.0,3.5,Yes,2,3,Yes
1156,54.0,Sales,Male,Married,7.0,10804.0,5.7,No,3,3,No
1157,36.0,Research & Development,Male,Single,2.0,2869.0,0.4,No,3,3,No
1158,28.0,Research & Development,Male,Divorced,1.0,2164.0,1.6,No,4,3,No
1159,47.0,Sales,Female,Divorced,8.0,7975.0,8.2,No,4,3,Yes
1160,36.0,Research & Development,Female,Single,5.0,7303.0,3.1,No,4,3,No
1161,18.0,Research & Development,Male,Married,11.0,1621.0,4.0,No,3,4,Yes
1162,45.0,Research & Development,Female,Single,10.0,2472.0,2.8,No,4,3,No
1163,32.0,Research & Development,Female,Single,11.0,3573.0,0.2,No,3,3,No
1164,36.0,Research & Development,Male,Married,4.0,5803.0,0.9,No,4,3,No
1165,40.0,Sales,Male,Single,2.0,7955.0,2.9,No,4,3,No
1166,39.0,Research & Development,Male,Married,9.0,4745.0,1.2,No,2,3,No
1167,43.0,Sales,Male,Divorced,4.0,4988.0,0.3,Yes,4,3,No
1168,33.0,Sales,Male,Married,1.0,,9.3,No,4,3,No
1169,,Sales,Male,Single,12.0,9540.0,19.9,Yes,4,4,No
1170,35.0,Research & Development,Male,Single,13.0,6722.0,7.9,No,4,3,Yes
1171,44.0,Research & Development,Male,Married,4.0,9266.0,9.6,No,2,3,No
1172,43.0,Sales,Female,Divorced,1.0,6664.0,1.4,No,3,3,No
1173,29.0,Research & Development,Male,Married,3.0,8725.0,16.2,No,1,3,No
1174,47.0,Sales,Male,Single,10.0,6417.0,1.1,No,4,3,No
1175,32.0,Research & Development,Male,Married,14.0,5733.0,15.1,No,1,3,Yes
1176,44.0,Sales,Female,Married,1.0,13838.0,26.3,No,4,3,No
1177,40.0,Research & Development,Male,Married,1.0,7990.0,6.2,Yes,1,4,Yes
1178,54.0,Research & Development,Male,Single,13.0,12312.0,19.9,No,2,3,No
1179,35.0,Human Resources,Female,Married,3.0,6098.0,4.2,Yes,3,3,No
1180,34.0,Sales,Female,Married,5.0,5615.0,1.5,No,4,4,No
1181,37.0,Sales,Female,Divorced,,5281.0,2.9,No,2,3,No
1182,,Sales,Male,Single,1.0,6251.0,4.5,No,3,3,No
1183,44.0,Human Resources,Male,,6.0,,0.4,No,3,4,No
1184,22.0,Research & Development,Female,Divorced,1.0,4385.0,4.9,No,2,3,Yes
1185,28.0,Sales,Female,Single,3.0,11580.0,19.9,Yes,1,4,Yes
1186,27.0,Research & Development,Female,Divorced,10.0,4200.0,1.1,No,4,3,No
1187,46.0,Research & Development,Female,Married,3.0,7745.0,7.9,No,3,3,No
1188,52.0,Research & Development,Male,Single,29.0,11081.0,11.9,No,1,4,No
1189,36.0,Research & Development,Female,Single,5.0,10772.0,14.4,No,4,3,No
1190,35.0,Sales,Male,Married,2.0,7100.0,16.1,No,4,3,No
1191,38.0,Sales,Male,Single,1.0,7934.0,3.7,Yes,3,3,No
1192,47.0,Research & Development,Male,Married,3.0,48270.17515224121,18.9,No,3,4,No
1193,29.0,Human Resources,Male,Single,3.0,6943.0,7.1,No,4,3,Yes
1194,39.0,Research & Development,Male,Married,1.0,7131.0,0.9,Yes,4,3,No
1195,46.0,Sales,Male,Single,3.0,4922.0,3.2,No,4,3,No
1196,42.0,Sales,Female,Divorced,4.0,6521.0,6.3,Yes,3,3,No
1197,39.0,Research & Development,Male,Divorced,8.0,5077.0,1.4,Yes,3,3,No
1198,46.0,Research & Development,Female,Divorced,6.0,6469.0,5.1,Yes,4,3,No
1199,18.0,Research & Development,Male,Married,7.0,7027.0,5.5,No,2,3,No
1200,43.0,Research & Development,Male,Single,1.0,4530.0,0.9,No,3,3,No
1201,31.0,Research & Development,Male,Married,1.0,4697.0,4.2,No,4,3,No
1202,21.0,Sales,Male,Single,7.0,5757.0,7.4,No,4,3,Yes
1203,42.0,Sales,Male,Single,4.0,4802.0,3.5,No,3,3,No
1204,49.0,Research & Development,Male,Single,1.0,5661.0,0.1,No,4,4,No
1205,36.0,Research & Development,Male,Married,10.0,5136.0,0.0,No,1,3,No
1206,46.0,Sales,Female,Married,9.0,6131.0,2.2,Yes,3,3,No
1207,52.0,Sales,Male,Married,5.0,10990.0,13.0,No,4,3,No
1208,49.0,Research & Development,Female,Married,1.0,5881.0,1.3,Yes,2,3,No
1209,52.0,Sales,Male,Single,9.0,6058.0,5.0,No,2,3,No
1210,44.0,Sales,Female,Divorced,5.0,6557.0,1.3,No,4,3,No
1211,38.0,Research & Development,Female,Married,9.0,8197.0,1.9,Yes,2,3,No
1212,23.0,Research & Development,Female,Married,8.0,6418.0,9.4,Yes,2,4,Yes
1213,35.0,Research & Development,Male,Single,10.0,7153.0,6.5,No,4,3,No
1214,29.0,Sales,Male,Married,4.0,5034.0,0.5,No,4,3,Yes
1215,,,Male,Married,1.0,6256.0,2.8,Yes,4,3,No
1216,35.0,Sales,Female,Single,7.0,7129.0,0.1,No,4,4,No
1217,38.0,Sales,Female,Single,6.0,6358.0,3.3,Yes,1,3,No
1218,42.0,Research & Development,Female,Married,8.0,9718.0,5.4,No,4,3,No
1219,37.0,Research & Development,Male,Married,1.0,3890.0,0.6,No,3,3,No
1220,52.0,Research & Development,Female,Single,1.0,9902.0,1.7,Yes,4,3,No
1221,31.0,,Female,Divorced,13.0,6098.0,2.5,Yes,3,3,No
1222,39.0,Research & Development,Male,Single,8.0,10260.0,12.6,Yes,3,3,No
1223,30.0,Sales,Male,Married,14.0,13041.0,25.0,No,3,4,No
1224,,Research & Development,Female,Divorced,9.0,3037.0,0.2,Yes,3,4,No
1225,31.0,Sales,Female,Married,5.0,8381.0,7.2,No,4,3,No
1226,37.0,Sales,Female,Married,6.0,5796.0,2.3,Yes,3,4,No
1227,33.0,Human Resources,Male,Married,13.0,2224.0,2.5,No,3,3,Yes
1228,31.0,Research & Development,Female,Single,5.0,4834.0,7.0,No,3,3,No
1229,24.0,Research & Development,Male,Divorced,6.0,7316.0,12.5,No,3,3,No
1230,36.0,Research & Development,Male,Married,1.0,10410.0,15.1,No,4,3,No
1231,23.0,Research & Development,Male,Divorced,4.0,4520.0,4.3,No,4,3,No
1232,44.0,Research & Development,Female,,8.0,8218.0,2.2,No,4,3,No
1233,38.0,,Female,,2.0,4668.0,7.7,No,4,3,No
1234,24.0,Research & Development,Male,Single,1.0,18761.475762489863,1.4,No,4,3,No
1235,34.0,Sales,Male,Married,2.0,3163.0,4.2,Yes,3,3,No
1236,30.0,Research & Development,Female,Married,2.0,5850.0,2.2,No,4,3,No
1237,40.0,Sales,Male,Divorced,1.0,6853.0,5.3,No,4,3,No
1238,49.0,Sales,Female,Married,3.0,7339.0,1.4,Yes,3,3,No
1239,20.0,Research & Development,Male,Divorced,14.0,1829.0,1.1,No,4,4,No
1240,38.0,Sales,Male,Single,4.0,11194.0,12.5,No,4,3,No
1241,36.0,Human Resources,Male,Divorced,1.0,6398.0,0.5,No,3,3,No
1242,43.0,Human Resources,Male,Married,1.0,7600.0,3.5,No,2,4,No
1243,39.0,Human Resources,Female,Married,7.0,5246.0,1.2,No,3,3,No
1244,30.0,Research & Development,Male,Divorced,3.0,4880.0,0.2,Yes,4,3,Yes
1245,34.0,Sales,Male,Married,10.0,3430.0,0.2,No,4,3,No
1246,30.0,Human Resources,Female,Married,6.0,5573.0,1.0,No,3,3,No
1247,47.0,Research & Development,Male,Single,10.0,11989.0,10.1,Yes,4,3,No
1248,37.0,Human Resources,Male,Single,2.0,6981.0,1.7,Yes,3,3,Yes
1249,54.0,Human Resources,Female,Divorced,7.0,10976.0,15.0,No,3,3,No
1250,36.0,Research & Development,Female,Married,2.0,6742.0,4.4,Yes,4,3,Yes
1251,31.0,Sales,Male,Married,17.0,3135.0,2.9,No,4,3,No
1252,23.0,Research & Development,Female,Married,6.0,5464.0,4.3,Yes,2,3,Yes
1253,21.0,Research & Development,Female,Single,2.0,4796.0,3.6,Yes,3,3,No
1254,23.0,Sales,Male,Single,2.0,2780.0,7.1,Yes,3,3,No
1255,39.0,Sales,Male,Married,1.0,3872.0,1.7,No,3,3,No
1256,42.0,Research & Development,Female,Married,7.0,,2.2,No,3,3,No
1257,23.0,Human Resources,Female,Single,1.0,6569.0,11.2,No,3,3,No
1258,45.0,Research & Development,Male,Married,5.0,9036.0,14.6,No,2,3,No
1259,33.0,,Female,Single,2.0,8803.0,11.2,Yes,3,3,No
1260,38.0,Sales,Female,Married,7.0,6222.0,2.7,No,1,3,No
1261,52.0,Research & Development,Male,Single,10.0,,7.6,No,3,3,Yes
1262,45.0,Human Resources,Male,Married,9.0,5726.0,3.2,No,4,4,No
1263,35.0,Sales,Male,Single,9.0,7303.0,3.4,Yes,4,3,No
1264,29.0,Research & Development,Female,Married,1.0,6688.0,1.1,No,3,3,No
1265,18.0,Research & Development,Male,Single,1.0,3350.0,4.5,Yes,1,4,Yes
1266,31.0,Research & Development,Female,,7.0,3492.0,1.0,No,2,3,No
1267,35.0,Research & Development,Female,Married,3.0,5977.0,2.0,No,3,3,No
1268,28.0,Research & Development,Female,Married,3.0,6558.0,9.7,No,2,3,No
1269,36.0,,Male,Married,1.0,4871.0,1.2,No,3,3,No
1270,38.0,Sales,Female,Single,2.0,6149.0,0.4,No,2,3,No
1271,35.0,Research & Development,Male,Married,1.0,1816.0,0.4,No,4,3,No
1272,31.0,Research & Development,Female,Divorced,13.0,10972.0,14.1,No,3,3,No
1273,39.0,Research & Development,Male,Married,2.0,6354.0,3.5,No,2,3,No
1274,41.0,Human Resources,Male,Single,5.0,5553.0,2.6,No,4,3,No
1275,27.0,Research & Development,Female,Married,1.0,6351.0,8.3,No,3,3,No
1276,50.0,Research & Development,Male,Single,7.0,9434.0,9.0,No,1,3,No
1277,36.0,Research & Development,Male,Single,2.0,2763.0,2.0,No,3,3,No
1278,37.0,Research & Development,Female,Divorced,14.0,9087.0,5.9,No,3,3,No
1279,43.0,Research & Development,Female,Single,13.0,8152.0,7.4,Yes,4,4,No
1280,39.0,Research & Development,Female,Married,2.0,7540.0,5.3,No,2,3,No
1281,46.0,Research & Development,Female,Married,14.0,7567.0,0.8,Yes,3,3,No
1282,40.0,Sales,Male,Married,29.0,7248.0,10.4,No,2,3,No
1283,31.0,Research & Development,Male,Married,10.0,6135.0,3.9,No,1,3,No
1284,40.0,Sales,Male,Single,11.0,5334.0,1.7,No,4,3,No
1285,27.0,Research & Development,Male,Single,2.0,5830.0,2.8,No,4,3,No
1286,38.0,Sales,Female,Married,5.0,1779.0,0.2,No,2,3,No
1287,37.0,Research & Development,Female,Single,1.0,4876.0,0.7,No,3,3,Yes
1288,35.0,Research & Development,Male,Married,1.0,6191.0,7.3,No,2,3,No
1289,36.0,Sales,Male,Single,29.0,5308.0,0.0,Yes,4,3,No
1290,20.0,Research & Development,Female,Single,2.0,4390.0,2.7,No,1,4,No
1291,32.0,Sales,Male,Married,8.0,4414.0,3.7,Yes,1,3,No
1292,38.0,Sales,Female,Single,10.0,3937.0,0.3,No,3,3,No
1293,38.0,Research & Development,Male,Married,12.0,11069.0,18.1,No,3,3,No
1294,28.0,Research & Development,Female,Married,29.0,2810.0,1.3,No,3,3,No
1295,48.0,Sales,Male,Married,2.0,7993.0,1.8,Yes,1,3,No
1296,29.0,Research & Development,Female,Single,,3896.0,1.8,Yes,2,3,No
1297,46.0,Research & Development,Female,Single,3.0,1955.0,1.3,No,3,3,No
1298,41.0,Sales,Female,Single,1.0,4698.0,0.0,Yes,2,3,No
1299,31.0,Research & Development,Female,Married,1.0,4777.0,6.5,Yes,4,3,Yes
1300,53.0,Sales,Female,Married,3.0,10203.0,17.0,Yes,1,3,No
1301,26.0,Sales,Female,Single,9.0,2059.0,1.3,No,3,3,No
1302,45.0,Research & Development,Male,Divorced,5.0,7794.0,5.4,No,4,3,No
1303,46.0,Research & Development,Female,Single,2.0,10233.0,6.8,No,2,3,Yes
1304,31.0,Research & Development,Female,Married,6.0,7820.0,9.4,No,3,3,No
1305,50.0,Research & Development,Male,Married,2.0,6375.0,2.7,No,4,3,No
1306,35.0,Human Resources,Female,Divorced,1.0,5854.0,1.8,No,2,4,No
1307,40.0,Research & Development,Female,Married,9.0,5151.0,2.0,No,4,3,No
1308,39.0,Sales,Female,Married,6.0,,6.2,Yes,3,3,No
1309,36.0,Research & Development,Male,Single,9.0,5903.0,8.5,Yes,2,3,No
1310,44.0,Sales,Male,Married,1.0,3342.0,1.0,Yes,3,3,No
1311,44.0,,Female,Single,11.0,5840.0,2.3,No,2,3,Yes
1312,21.0,Sales,Female,Divorced,6.0,7157.0,11.6,No,4,3,No
1313,49.0,Sales,Male,Married,5.0,8945.0,8.2,Yes,4,4,No
1314,22.0,Human Resources,Female,Married,6.0,9706.0,21.0,Yes,4,3,No
1315,46.0,Research & Development,Female,Married,,6891.0,7.0,Yes,4,3,Yes
1316,,Research & Development,Male,Married,5.0,7767.0,2.5,No,4,3,No
1317,27.0,Research & Development,Female,Married,5.0,3179.0,4.5,No,3,3,No
1318,33.0,Sales,Male,Married,28.0,7354.0,5.4,No,3,3,No
1319,27.0,Sales,Male,Single,8.0,2217.0,0.4,No,3,3,No
1320,35.0,Sales,Male,Single,4.0,4776.0,3.9,No,1,4,No
1321,34.0,Research & Development,Female,Single,7.0,4390.0,6.2,Yes,4,3,No
1322,44.0,Research & Development,Male,Single,3.0,,0.9,Yes,3,3,No
1323,49.0,Research & Development,Male,Divorced,2.0,10343.0,7.6,No,1,3,No
1324,50.0,Sales,Male,Single,5.0,8653.0,4.4,No,1,3,No
1325,32.0,Human Resources,Male,Divorced,16.0,10968.0,15.2,No,3,3,No
1326,35.0,Research & Development,Female,Single,16.0,5393.0,0.2,No,3,3,No
1327,22.0,Research & Development,Male,Single,3.0,1849.0,1.5,Yes,3,3,No
1328,30.0,Research & Development,Male,Married,5.0,5054.0,4.6,No,3,3,No
1329,46.0,Research & Development,Female,Married,1.0,5320.0,1.8,No,3,4,No
1330,,Sales,Male,Married,29.0,10781.0,6.3,No,4,4,No
1331,26.0,Research & Development,Male,Married,24.0,4150.0,7.1,No,2,3,No
1332,32.0,Research & Development,Male,Married,,5696.0,0.5,No,1,3,No
1333,37.0,Sales,Male,Single,10.0,7379.0,3.6,No,3,3,No
1334,40.0,Sales,Male,Divorced,8.0,9144.0,3.6,No,3,3,No
1335,30.0,Sales,Male,Divorced,5.0,4130.0,2.3,No,1,3,Yes
1336,41.0,Sales,Male,Married,1.0,11053.0,13.5,No,3,3,No
1337,33.0,Research & Development,Female,Single,4.0,10802.0,8.8,Yes,1,3,No
1338,37.0,Research & Development,Male,Married,7.0,5954.0,6.0,No,3,3,No
1339,42.0,Research & Development,Female,Single,7.0,5282.0,6.3,No,3,3,No
1340,37.0,Sales,Female,Single,3.0,3045.0,3.1,Yes,3,3,Yes
1341,33.0,Research & Development,Male,Single,17.0,9814.0,12.7,No,4,3,No
1342,36.0,Research & Development,Female,Married,1.0,3900.0,5.9,No,2,3,No
1343,36.0,Sales,Male,Divorced,4.0,6377.0,6.5,No,4,3,No
1344,34.0,Research & Development,Female,Married,7.0,8541.0,9.9,No,3,3,No
1345,35.0,Research & Development,Male,Married,7.0,5378.0,1.6,No,3,4,No
1346,51.0,Research & Development,Male,Married,6.0,9968.0,8.2,Yes,4,3,No
1347,42.0,Research & Development,Male,Single,2.0,6098.0,1.1,Yes,4,3,Yes
1348,34.0,Sales,Female,Married,1.0,7073.0,2.1,Yes,3,3,No
1349,43.0,Research & Development,Male,Divorced,6.0,4772.0,2.0,No,3,4,No
1350,34.0,Research & Development,Female,Single,5.0,10125.0,19.2,No,1,3,No
1351,48.0,Research & Development,Male,Divorced,1.0,8336.0,9.7,No,1,3,No
1352,40.0,Research & Development,Female,Married,7.0,8485.0,6.0,No,3,4,No
1353,36.0,Research & Development,Male,Married,4.0,8286.0,6.5,No,3,3,No
1354,41.0,Sales,Female,Married,,7372.0,4.1,No,3,4,No
1355,23.0,Sales,Male,Married,11.0,10020.0,14.7,No,2,4,No
1356,27.0,Research & Development,Male,Divorced,1.0,,3.4,Yes,4,4,Yes
1357,26.0,Sales,Male,Divorced,1.0,6801.0,2.4,No,4,3,No
1358,38.0,Research & Development,Male,Married,9.0,7500.0,0.9,No,4,3,Yes
1359,,Human Resources,Female,Single,6.0,10498.0,7.7,No,3,3,No
1360,,Research & Development,Male,Married,7.0,12163.0,6.6,No,4,3,No
1361,43.0,Research & Development,Female,Divorced,11.0,3855.0,2.4,No,4,3,No
1362,42.0,Research & Development,Male,Single,10.0,4628.0,0.1,No,3,3,No
1363,21.0,Research & Development,Male,Married,19.0,4942.0,9.1,Yes,2,3,No
1364,32.0,Research & Development,Male,Married,5.0,5297.0,0.1,No,4,3,No
1365,30.0,Human Resources,Male,Married,4.0,4500.0,6.1,No,3,3,No
1366,31.0,Research & Development,Female,Single,3.0,11356.0,17.6,No,3,3,No
1367,35.0,Human Resources,Male,Married,1.0,7611.0,2.9,Yes,2,3,Yes
1368,33.0,Human Resources,Male,Divorced,5.0,5798.0,1.3,Yes,1,3,No
1369,19.0,Sales,Female,Single,,5181.0,6.1,Yes,4,3,Yes
1370,44.0,Sales,Female,Single,15.0,7113.0,8.5,No,3,3,No
1371,27.0,Sales,Male,Divorced,5.0,3710.0,4.0,No,3,3,No
1372,39.0,Sales,Male,Single,5.0,12879.0,17.1,Yes,2,3,No
1373,56.0,Sales,Female,Divorced,3.0,,0.3,No,3,3,No
1374,,Research & Development,Male,Married,1.0,4986.0,3.5,No,3,3,No
1375,18.0,Sales,Male,Single,1.0,4078.0,6.3,No,2,3,No
1376,34.0,Sales,Male,Divorced,3.0,4846.0,9.9,No,4,4,No
1377,,Research & Development,Female,Married,1.0,4724.0,1.0,No,1,3,No
1378,55.0,Sales,Female,Married,6.0,12607.0,8.0,No,3,3,No
1379,26.0,Research & Development,Male,Married,13.0,,4.0,No,4,3,No
1380,41.0,Sales,Male,,13.0,6419.0,2.5,No,2,3,No
1381,33.0,Sales,Male,Single,6.0,6056.0,0.7,No,4,3,Yes
1382,,Research & Development,Female,Married,1.0,6278.0,10.0,No,4,3,No
1383,60.0,Research & Development,Male,Divorced,12.0,8132.0,0.9,No,4,3,No
1384,23.0,Research & Development,Male,Single,13.0,5172.0,1.9,No,1,3,No
1385,39.0,Research & Development,Female,Married,1.0,5634.0,1.7,Yes,2,3,Yes
1386,,Research & Development,Male,Single,8.0,13168.0,10.3,No,2,3,No
1387,47.0,Sales,Female,Married,2.0,5437.0,5.6,Yes,3,3,No
1388,38.0,Sales,Male,Single,10.0,9288.0,8.0,Yes,4,4,No
1389,,Research & Development,Male,Divorced,29.0,5371.0,1.4,No,4,3,No
1390,33.0,Research & Development,Male,Married,1.0,7173.0,4.9,No,4,3,No
1391,39.0,Human Resources,Female,Single,14.0,7152.0,4.2,Yes,4,3,No
1392,34.0,Research & Development,Female,,6.0,6435.0,8.9,No,4,3,No
1393,43.0,Research & Development,Female,Single,22.0,9973.0,11.8,No,2,3,Yes
1394,34.0,Research & Development,Male,Married,4.0,1668.0,0.1,Yes,2,3,No
1395,40.0,Sales,Female,Single,11.0,8005.0,5.6,No,4,3,No
1396,37.0,Human Resources,Male,,1.0,5332.0,0.3,No,2,3,No
1397,47.0,Research & Development,Male,Married,2.0,8338.0,4.0,No,1,3,Yes
1398,37.0,Research & Development,Female,Single,1.0,6962.0,1.7,Yes,3,3,No
1399,21.0,Research & Development,Male,Married,22.0,4041.0,1.8,No,4,4,No
1400,48.0,Research & Development,Male,,10.0,7092.0,2.2,No,1,3,Yes
1401,29.0,Sales,Male,Single,11.0,4213.0,4.9,No,4,3,No
1402,31.0,Human Resources,Male,Single,17.0,3692.0,2.0,Yes,4,3,No
1403,32.0,Research & Development,Male,Single,1.0,8270.0,6.6,No,3,3,No
1404,49.0,Research & Development,Female,Married,3.0,9285.0,2.6,Yes,1,4,No
1405,18.0,Sales,Male,Married,1.0,2283.0,0.4,No,2,3,No
1406,60.0,Research & Development,Female,,1.0,10304.0,7.7,Yes,4,3,No
1407,47.0,Research & Development,Female,Divorced,2.0,,1.7,No,4,3,No
1408,39.0,Sales,Male,Married,4.0,7759.0,2.8,No,4,3,No
1409,37.0,Human Resources,Male,Married,2.0,7808.0,5.8,No,3,3,No
1410,40.0,Sales,Male,Divorced,1.0,8752.0,2.0,Yes,2,3,No
1411,42.0,Sales,Female,,1.0,4168.0,0.3,No,2,3,No
1412,43.0,Human Resources,Male,Single,1.0,5738.0,2.3,No,4,4,Yes
1413,42.0,Human Resources,Female,Single,22.0,10802.0,14.5,No,2,3,No
1414,38.0,Research & Development,Male,Single,9.0,7655.0,5.1,No,3,3,No
1415,35.0,Research & Development,Female,Married,21.0,6176.0,5.6,No,3,3,No
1416,36.0,Research & Development,Male,Divorced,3.0,18599.58010888734,5.0,No,1,3,No
1417,35.0,Sales,Male,Single,2.0,6247.0,1.1,No,2,3,No
1418,47.0,Sales,Female,Single,10.0,8007.0,2.7,No,3,3,No
1419,42.0,Research & Development,Female,Married,2.0,6456.0,7.0,No,2,3,Yes
1420,18.0,Research & Development,Male,,2.0,,0.5,No,2,3,No
1421,43.0,Research & Development,Female,Single,2.0,7815.0,1.6,No,4,4,No
1422,39.0,Research & Development,Male,Married,1.0,5781.0,1.6,Yes,4,3,No
1423,37.0,Sales,Female,Single,2.0,5879.0,2.8,No,2,3,No
1424,34.0,Research & Development,Female,Single,3.0,12146.0,19.7,No,4,3,No
1425,47.0,Sales,Male,Divorced,7.0,4792.0,0.3,No,3,4,No
1426,46.0,Research & Development,Male,Divorced,1.0,7200.0,3.7,Yes,3,3,No
1427,30.0,Research & Development,Male,Single,1.0,1061.0,1.0,No,4,3,No
1428,41.0,Research & Development,Male,Divorced,10.0,12735.0,17.6,No,4,3,No
1429,28.0,Research & Development,Female,Married,1.0,1568.0,0.6,No,4,4,No
1430,25.0,Sales,Male,Divorced,3.0,6505.0,2.6,Yes,2,4,Yes
1431,31.0,Sales,Male,Married,12.0,25524.612122784285,6.7,No,1,3,No
1432,45.0,Research & Development,Female,,1.0,7557.0,6.1,No,4,3,No
1433,46.0,Research & Development,Female,Married,1.0,5863.0,2.7,No,3,3,No
1434,42.0,Sales,Male,Married,4.0,5683.0,2.1,No,2,3,No
1435,44.0,Sales,Male,Single,2.0,8623.0,2.5,No,4,3,No
1436,42.0,Research & Development,Male,,5.0,2173.0,1.5,No,4,3,No
1437,31.0,Sales,Male,Single,10.0,6360.0,1.1,Yes,4,4,No
1438,41.0,Research & Development,Female,Married,1.0,6922.0,3.3,No,2,3,No
1439,44.0,Research & Development,Male,Single,5.0,4369.0,1.6,No,4,3,No
1440,44.0,,Female,Married,4.0,4602.0,1.7,Yes,1,3,No
1441,48.0,Sales,Male,Divorced,1.0,10470.0,5.3,Yes,1,3,No
1442,43.0,Human Resources,Female,Single,6.0,10137.0,17.3,No,3,3,No
1443,40.0,Research & Development,Female,Married,2.0,5020.0,4.6,No,1,3,No
1444,47.0,Research & Development,Female,Married,4.0,37619.369687430815,0.4,No,3,3,No
1445,37.0,Research & Development,Male,Divorced,1.0,5428.0,0.4,No,4,4,No
1446,29.0,Human Resources,Male,Single,4.0,7698.0,15.1,No,3,3,No
1447,36.0,Human Resources,Male,Married,2.0,5615.0,1.8,No,2,3,No
1448,,Research & Development,Female,Divorced,10.0,2576.0,0.5,Yes,2,3,No
1449,31.0,Research & Development,Female,Divorced,1.0,7321.0,4.6,No,3,3,No
1450,36.0,Sales,Female,Married,3.0,7967.0,4.9,No,3,3,No
1451,,Research & Development,Female,Married,4.0,6558.0,5.2,Yes,4,3,No
1452,34.0,Research & Development,Female,Married,8.0,5522.0,1.6,Yes,4,3,No
1453,20.0,Research & Development,Male,Divorced,5.0,5417.0,0.1,No,3,3,No
1454,39.0,Human Resources,Female,Married,,10900.0,16.8,No,4,3,No
1455,37.0,Sales,Male,Single,9.0,3497.0,1.4,No,1,3,Yes
1456,30.0,Research & Development,Male,Divorced,12.0,6574.0,5.6,No,2,3,No
1457,43.0,Sales,Male,Married,2.0,10764.0,6.1,No,4,4,No
1458,45.0,Research & Development,Male,Married,5.0,5863.0,4.7,No,3,3,No
1459,23.0,Sales,Male,Single,11.0,12603.695193646085,1.9,No,4,3,No
1460,30.0,Sales,Female,Married,27.0,5125.0,1.6,No,3,4,No
1461,30.0,Sales,Male,Married,13.0,5469.0,4.6,Yes,4,3,Yes
1462,29.0,Research & Development,Female,Married,3.0,5882.0,10.1,No,3,3,No
1463,44.0,Research & Development,Male,Single,1.0,12448.0,14.7,No,3,4,No
1464,35.0,Research & Development,Male,Married,4.0,8230.0,0.6,No,3,3,No
1465,,Human Resources,Male,,8.0,5114.0,0.8,No,4,4,No
1466,19.0,Research & Development,Male,Single,4.0,6339.0,14.5,No,3,4,No
1467,43.0,Sales,Female,Divorced,4.0,5522.0,6.7,Yes,4,3,No
1468,26.0,Research & Development,Male,Married,11.0,7592.0,10.7,No,2,3,No
1469,38.0,Sales,Female,Divorced,3.0,6941.0,1.1,No,1,3,No
1470,39.0,Human Resources,Male,Married,12.0,7273.0,4.4,Yes,3,3,No
1471,49.0,Sales,Female,Married,3.0,8316.0,6.0,Yes,3,3,Yes
1472,25.0,Human Resources,Female,Married,2.0,,5.7,No,4,3,No
1473,18.0,Sales,Female,Divorced,4.0,1772.0,2.6,Yes,3,3,No
1474,,Research & Development,Male,Married,9.0,6307.0,0.1,No,4,3,No
1475,53.0,Research & Development,Male,Single,1.0,9611.0,4.4,No,3,3,No
1476,48.0,Human Resources,Male,Married,1.0,4306.0,1.5,No,3,3,No
1477,39.0,Sales,Female,Married,18.0,8455.0,3.0,Yes,4,3,No
1478,33.0,Research & Development,Male,,1.0,10691.0,15.8,No,2,3,No
1479,,Human Resources,Male,Married,5.0,8594.0,2.5,No,3,4,No
1480,28.0,Research & Development,Female,Married,5.0,22953.108259113233,9.2,No,4,4,No
1481,41.0,Research & Development,Male,Married,4.0,3561.0,1.0,Yes,4,3,No
1482,42.0,Research & Development,Female,Single,6.0,34643.619770538375,5.6,No,3,4,No
1483,47.0,Research & Development,Male,Married,2.0,13349.0,18.9,No,3,3,No
1484,60.0,Research & Development,Male,Single,5.0,10410.0,0.5,No,2,3,No
1485,41.0,Research & Development,Female,Single,3.0,6319.0,0.0,Yes,3,3,Yes
1486,32.0,Human Resources,Male,Married,7.0,4796.0,2.8,Yes,4,3,No
1487,37.0,Sales,Female,Married,1.0,3415.0,0.5,No,4,4,No
1488,21.0,Sales,Male,Married,5.0,7120.0,6.9,No,2,3,No
1489,31.0,Human Resources,Male,Married,1.0,6918.0,12.3,No,2,3,Yes
1490,33.0,Research & Development,Female,Married,2.0,7723.0,2.8,No,2,3,No
1491,32.0,Research & Development,Female,Single,1.0,4278.0,1.5,No,2,3,No
1492,38.0,Research & Development,Female,Married,1.0,8266.0,2.8,Yes,1,3,Yes
1493,30.0,,Male,Single,10.0,7198.0,6.4,No,3,3,No
1494,47.0,Sales,Female,Single,2.0,5775.0,0.0,Yes,1,3,Yes
1495,37.0,Research & Development,Male,Married,16.0,,4.5,No,2,3,No
1496,37.0,Research & Development,Male,Married,21.0,5949.0,4.8,No,3,3,No
1497,34.0,Research & Development,Female,Married,5.0,,5.1,No,2,3,No
1498,38.0,Sales,Male,Married,1.0,,1.4,Yes,1,3,No
1499,44.0,Human Resources,Female,Married,3.0,6934.0,6.3,Yes,2,3,Yes
1500,29.0,Human Resources,Male,Divorced,10.0,3747.0,0.5,No,2,3,No
